Type,Tipo
is Offer,es Oferta
Total Qty,Cantidad Total
Customer,Cliente
Items Group,Grupo de Artículos
Search Items,Buscar Artículos
Additional Discount,Descuento Adicional
Items Discounts,Descuentos de Artículos
HOLD,EN ESPERA
Hold,En Espera
Fetch Items Directly from Server,Obtener artículos directamente del servidor
RETURN,DEVOLUCIÓN
Return,Devolución
CANCEL,CANCELAR
NEW,NUEVO
PAY,PAGAR
Order,Orden
Available QTY,Cantidad Disponible
QTY,Cantidad
Discount Percentage,Porcentaje de Descuento
Price list Rate,Tarifa de Lista de Precios
Group,Grupo
Stock QTY,Cantidad en Stock
Stock UOM,Unidad de Medida de Stock
Card,Tarjeta
Offers,Ofertas
Applied,Aplicadas
There is no Customer !,No hay Cliente !
There is no Items !,No hay Artículos !
The existing quantity of item {0} is not enough,La cantidad existente del artículo {0} no es suficiente
Maximum discount for Item {0} is {1}%,Descuento máximo para el artículo {0} es {1}%
Selected serial numbers of item {0} is incorrect,Los números de serie seleccionados del artículo {0} son incorrectos
The existing batch quantity of item {0} is not enough,La cantidad existente del lote del artículo {0} no es suficiente
The discount should not be higher than {0}%,El descuento no debe ser mayor que {0}%
Return Invoice Total Not Correct,Total de la Factura de Devolución Incorrecto
Return Invoice Total should not be higher than {0},El total de la factura de devolución no debe ser mayor que {0}
The item {0} cannot be returned because it is not in the invoice {1},El artículo {0} no puede devolverse porque no está en la factura {1}
The QTY of the item {0} cannot be greater than {1},La cantidad del artículo {0} no puede ser mayor que {1}
Selected Serial No QTY is {0} it should be {1},La cantidad de serie seleccionada es {0} debería ser {1}
Loyalty Point Offer Applied,Oferta de Puntos de Fidelidad Aplicada
Loyalty Points,Puntos de Fidelidad
Paid Amount,Cantidad Pagada
To Be Paid,A Pagar
Cash,Efectivo
Tax and Charges,Impuestos y Cargos
Discount Amount,Cantidad de Descuento
Total Amount,Cantidad Total
Totoal Amount,Cantidad Total
Grand Amount,Cantidad Final
Back,Volver
Submit Payments,Registrar Pagos
Give Item,Entregar Artículo
New Offer Available,Nueva Oferta Disponible
POS Offers,Ofertas POS
Customer contact created successfully.,Contacto del cliente creado con éxito.
Customer Address created successfully.,Dirección del cliente creada con éxito.
Customer contact updated successfully.,Contacto del cliente actualizado con éxito.
Offer,Oferta
Apply On,Aplicar En
Offer Applied,Oferta Aplicada
Opening Amount,Cantidad de Apertura
Closing Amount,Cantidad de Cierre
Expected Amount,Cantidad Esperada
Difference,Diferencia
Close,Cerrar
Submit,Enviar
Closing POS Shift,Cerrando Turno POS
Select Hold Invoice,Seleccionar Factura en Espera
Customer Info,Información del Cliente
Add New Address,Agregar Nueva Dirección
New Customer,Nuevo Cliente
Create POS Opening Shift,Crear Turno de Apertura POS
Select Return Invoice,Seleccionar Factura de Devolución
Close Shift,Cerrar Turno
Pages,Páginas
Customer not found,Cliente no encontrado
Customer Name,Nombre del Cliente
Batch No Available QTY,Cantidad Disponible del Lote
Batch No Expiry Date,Fecha de Vencimiento del Lote
Batch No,Número de Lote
Use Customer Credit,Usar Crédito del Cliente
Is Credit Sale,Es Venta a Crédito
Due Date,Fecha de Vencimiento
Menu,Menú
Actions,Acciones
End current session,Finalizar sesión actual
Print Last Invoice,Imprimir Última Factura
Reprint previous transaction,Reimprimir transacción anterior
Sync Offline Invoices,Sincronizar Facturas Sin Conexión
Upload pending transactions,Subir transacciones pendientes
Go Online,Conectarse
Go Offline,Desconectarse
Disable offline mode,Deshabilitar modo sin conexión
Work without server connection,Trabajar sin conexión al servidor
Clear Cache,Limpiar Caché
Clear search,Limpiar búsqueda
Remove local data and refresh,Eliminar datos locales y actualizar
About,Acerca de
App information,Información de la aplicación
Language,Idioma
Change interface language,Cambiar idioma de la interfaz
Light Mode,Modo Claro
Dark Mode,Modo Oscuro
Switch theme appearance,Cambiar apariencia del tema
Logout,Cerrar Sesión
Sign out of session,Cerrar sesión
Select Language,Seleccionar Idioma
Choose your preferred language for the POS interface,Elige tu idioma preferido para la interfaz POS
Language will be changed to,El idioma se cambiará a
Cancel,Cancelar
Change Language,Cambiar Idioma
Cannot change language - same language selected,No se puede cambiar el idioma - mismo idioma seleccionado
Language changed successfully! Reloading...,¡Idioma cambiado exitosamente! Recargando...
Failed to change language,Error al cambiar el idioma
Unknown error,Error desconocido
* Required,Requerido
- Total Outstanding,Total Pendiente
- Total Unallocated,Total Sin Asignar
Add,Agregar
Add Payment,Agregar Pago
Additional Notes,Notas Adicionales
Address,Dirección
All,Todos
All Synchronized,Todo Sincronizado
All Warehouses,Todos los Almacenes
All pending invoices are up to date,Todas las facturas pendientes estan actualizadas
Amount must be greater than zero.,El monto debe ser mayor que cero.
Apply Offer,Aplicar Oferta
Authorization Code,Código de Autorizacion
Auto Reconcile,Conciliacion Automatica
Available Credit,Credito Disponible
Available Items,Artículos Disponibles
Back Office Cash Account must be a Cash account.,La cuenta de efectivo de oficina debe ser una cuenta de efectivo.
Barcode,Código de Barras
Batch,Lote
Buying Price,Precio de Compra
Calculating...,Calculando...
Cancel Sale ?,¿Cancelar Venta?
Card / Online,Tarjeta / En linea
Cash Collections,Cobros en Efectivo
Cash Movement,Movimiento de Efectivo
Cash returned after payment,Efectivo devuelto despues del pago
Cashback Active,Efectivo de Vuelta Activo
Cashback?,¿Efectivo de vuelta?
Cashier-wise,Por Cajero
Category,Categoría
Certificate,Certificado
Change,Cambio
Charges,Cargos
Check cache and performance,Verificar cache y rendimiento
Check for Updates,Buscar Actualizaciones
Clear All,Limpiar Todo
Close Dialog,Cerrar Dialogo
Close Settings,Cerrar Configuracion
Collected,Recaudado
Company is required,Se requiere empresa
Completed and active sales in this range,Ventas completadas y activas en este rango
Connect,Conectar
Connecting,Conectando
Connections:,Conexiones:
Create,Crear
Create Bill,Crear Factura
Create New Item,Crear Nuevo Artículo
Create Purchase Order,Crear Orden de Compra
Create Return,Crear Devolucion
Create Supplier,Crear Proveedor
Credit Note,Nota de Credito
Credit Return Active,Devolucion a Credito Activa
Credit Return?,¿Devolucion a Credito?
Credit Sale?,¿Venta a Credito?
Credit redemption details are shown below in this section.,Los detalles de canje de credito se muestran abajo.
Currency,Moneda
Currency is required,Se requiere moneda
Current,Actual
Current Event Loop Lag:,Retardo del Bucle de Eventos Actual:
Current Month,Mes Actual
Current Profile,Perfil Actual
Current User,Usuario Actual
Customer Credit Enabled,Credito del Cliente Habilitado
Customer Details,Detalles del Cliente
Customer Report,Informe de Cliente
Customer already exists,El cliente ya existe
Customer is required,Se requiere cliente
Customers,Clientes
Daily Sales,Ventas Diarias
Data loaded in form. Review and submit.,Datos cargados. Revisar y enviar.
Days,Dias
Days until due,Dias hasta vencimiento
Decrease quantity,Disminuir cantidad
Default,Predeterminado
Delete,Eliminar
Delete Draft,Eliminar Borrador
Deposit,Depósito
Detecting formats:,Detectando formatos:
Device Memory:,Memoria del Dispositivo:
Difference:,Diferencia:
Disconnect,Desconectar
Discount,Descuento
Discounts,Descuentos
Dismiss,Descartar
Download Certificate,Descargar Certificado
Draft invoice deleted,Factura de borrador eliminada
Drafts,Borradores
Duplicate,Duplicar
Edit,Editar
Edit discount amount,Editar monto de descuento
Edit discount percentage,Editar porcentaje de descuento
Edit item name,Editar nombre del articulo
Edit quantity,Editar cantidad
Edit rate,Editar tasa
Edit unit of measure,Editar unidad de medida
Edited,Editado
Enable background sync,Habilitar sincronización en segundo plano
Enter Quantity,Ingresar Cantidad
Error accessing camera:,Error al acceder a la camara:
Error in change calculations!,Error en calculos de cambio!
Error loading invoice details,Error al cargar detalles de factura
Error processing invoice,Error al procesar factura
Error updating currency,Error al actualizar moneda
Every,Cada
Exchange Rate,Tipo de Cambio
Expected vs Actual,Esperado vs Real
Expense,Gasto
Expired,Expirado
Failed to cancel cash movement,Error al cancelar movimiento de efectivo
Failed to create item,Error al crear articulo
Failed to create supplier,Error al crear proveedor
Failed to delete cash movement,Error al eliminar movimiento de efectivo
Failed to submit cash movement,Error al enviar movimiento de efectivo
Fast Moving Items,Artículos de Movimiento Rapido
Fees,Tarifas
Finance,Finanzas
Fixing payment amounts for return invoice...,Ajustando montos de pago para factura de devolucion...
Free,Gratis
Free Qty,Cant. Gratis
Frequency,Frecuencia
From Date,Desde Fecha
Generate Certificate,Generar Certificado
Go to Frappe Desk,Ir a Escritorio Frappe
Gross Margin,Margen Bruto
Gross Profit,Ganancia Bruta
Gross Sales,Ventas Brutas
High,Alto
History,Historial
Hourly (Today),Por Hora (Hoy)
In,En
Increase quantity,Aumentar cantidad
Invalid payload for cash movement.,Carga util invalida para movimiento de efectivo.
Inventory,Inventario
Invoice,Factura
Invoice Adjustments,Ajustes de Factura
Invoice Details,Detalles de Factura
Invoice Items,Artículos de Factura
Invoice Management,Gestion de Facturas
Invoice Submission Failed,Envio de Factura Fallido
Invoice Submitted,Factura Enviada
Invoice {0} does not exist,La factura {0} no existe
Invoices already past due date,Facturas con fecha de vencimiento pasada
Invoices saved as POS Invoices,Facturas guardadas como Facturas POS
Invoices still carrying balances,Facturas aun con saldos
Item,Artículo
Item Name,Nombre del Artículo
Item Search,Buscar Artículo
Item Selector,Selector de Artículos
Item code is required.,Se requiere codigo de articulo.
Item created successfully,Artículo creado exitosamente
Items Sold,Artículos Vendidos
Journal Entry,Asiento Contable
Labels,Etiquetas
Last,Ultimo
Last sync:,Ultima sincronización:
Latest entries for current shift,Ultimas entradas para turno actual
Limited,Limitado
Live Snapshot,Instantanea en Vivo
Load Draft,Cargar Borrador
Load Sale,Cargar Venta
Loading app data...,Cargando datos de la aplicación...
Loading customers...,Cargando clientes...
Loading database stats...,Cargando estadisticas de base de datos...
Loading details...,Cargando detalles...
Loading drafts...,Cargando borradores...
Loading invoice history...,Cargando historial de facturas...
Loading items...,Cargando articulos...
Loading return invoices...,Cargando facturas de devolucion...
Loading server CPU/memory usage...,Cargando uso de CPU/memoria del servidor...
Loading suppliers...,Cargando proveedores...
Loading unpaid invoices...,Cargando facturas impagadas...
Loading...,Cargando...
Location Performance,Rendimiento de Ubicacion
Locations,Ubicaciones
Low,Bajo
Low Stock,Inventario Bajo
Low Stock Alerts,Alertas de Inventario Bajo
Low Stock Items,Artículos con Inventario Bajo
Margin,Margen
Medium,Medio
Method-wise Collections,Cobros por Metodo
Minimum Qty,Cant. Minima
Missing Dependency,Dependencia Faltante
Mobile Number,Número de Móvil
Mode of Payment is required,Se requiere modo de pago
Month,Mes
Monthly Profit,Ganancia Mensual
Monthly Sales,Ventas Mensuales
Movement Type,Tipo de Movimiento
Movement Type must be Expense or Deposit.,El tipo de movimiento debe ser Gasto o Deposito.
Movements,Movimientos
Multi Currency,Moneda Multiple
Multiple Warehouses,Multiples Almacenes
N/A,N/D
Negative Stock,Inventario Negativo
Net,Neto
Net Qty,Cant. Neta
Net Sales,Ventas Netas
Net Value,Valor Neto
Never,Nunca
New Item,Nuevo Artículo
New changes are ready to load,Nuevos cambios listos para cargar
New rate,Nueva tasa
Next unit of measure,Siguiente unidad de medida
No Barcode,Sin Código de Barras
No Print Formats Found,No se encontraron formatos de impresión
No active POS Profile found for current user.,No se encontro perfil POS activo.
No attribute data found.,No se encontraron datos de atributos.
No cash expected for this shift.,No se espera efectivo para este turno.
No cash mode configured,No hay modo de efectivo configurado
No drafts found,No se encontraron borradores
No due date,Sin fecha de vencimiento
No invoice activity found.,No se encontro actividad de factura.
No invoices recorded for this shift.,No hay facturas registradas para este turno.
No items to invoice. Please ensure there are items on the Purchase Order.,No hay articulos para facturar.
No items to receive. Please enter received quantities.,No hay articulos para recibir.
No notifications yet,Aun no hay notificaciones
No outstanding credit invoices for this shift.,No hay facturas de credito pendientes para este turno.
No outstanding invoices available for allocation of credit note {0},No hay facturas disponibles para asignacion de nota de credito {0}
No outstanding invoices available for allocation of payment {0},No hay facturas disponibles para asignacion de pago {0}
No outstanding invoices were available to reconcile Credit Note {0}.,No habia facturas disponibles para conciliar nota de credito {0}.
No outstanding invoices were available to reconcile Journal Entry {0}.,No habia facturas disponibles para conciliar asiento {0}.
No outstanding invoices were available to reconcile Payment Entry {0}.,No habia facturas disponibles para conciliar pago {0}.
No outstanding invoices were found for {0}.,No se encontraron facturas pendientes para {0}.
No response from server,Sin respuesta del servidor
No return invoices found,No se encontraron facturas de devolucion
Not Set,No Establecido
Notifications,Notificaciones
OK,OK
Offer Item,Artículo de Oferta
Offer Removed,Oferta Eliminada
Offer UOM cannot be changed,La UOM de oferta no se puede cambiar
Offer criteria exceeded,Criterios de oferta excedidos
Offer item unavailable,Artículo de oferta no disponible
Offer?,Oferta?
Offline,Sin Conexión
Offline invoices status,Estado de facturas sin conexión
Offline invoices synced,Facturas sin conexión sincronizadas
Online,En Linea
Open Customer Display,Abrir Pantalla de Cliente
Open Payments?,Abrir Pagos?
Open balance to collect,Saldo abierto por cobrar
Open invoices,Facturas abiertas
Opening Cash,Efectivo de Apertura
Original,Original
Other,Otro
Out,Salida
Out of Stock,Agotado
Overdue,Vencido
POS Expense is disabled for this POS Profile.,Gasto POS deshabilitado.
Packing List,Lista de Empaque
Page Format,Formato de Pagina
Parent Item,Artículo Padre
Partial,Parcial
Partly Paid,Parcialmente Pagado
Pay,Pagar
Payment,Pago
Payment Entry is already created or payment account is not matched,La entrada de pago ya existe o la cuenta no coincide
Payment Gateway Account not found,No se encontro cuenta de pasarela de pago
Payment History,Historial de Pagos
Payment Method Report,Informe de Metodo de Pago
Payment Progress,Progreso de Pago
Payment Request for {0},Solicitud de Pago para {0}
Payment State,Estado de Pago
Payment Status,Estado de Pago
Payment Summary,Resumen de Pago
Payment amount cannot be less than or equal to 0,El monto del pago no puede ser menor o igual a 0
Payments are not open. Do you want to open payments and submit?,Los pagos no estan abiertos. Quiere abrir pagos y enviar?
Payments by Mode of Payment,Pagos por Metodo de Pago
Peak Hour,Hora Punta
Peak Memory:,Memoria Pico:
Peak Server:,Servidor Pico:
Peak:,Pico:
Pending Amount,Monto Pendiente
Pending Sync,Sincronizacion Pendiente
Per Page,Por Pagina
Please add at least one item.,Por favor agregue al menos un articulo.
Please enter payment amount,Por favor ingrese monto del pago
Please enter the phone number first,Por favor ingrese el numero de teléfono primero
Please fill all required fields,Por favor complete todos los campos requeridos
Please select a customer before reconciling.,Por favor seleccione un cliente antes de conciliar.
Please select the customer.,Por favor seleccione el cliente.
Please set Default Payable Account in Company {0},Por favor configure Cuenta Pagadera Predeterminada en Empresa {0}
Please set default account for Mode of Payment {0} in company {1},Por favor configure cuenta predeterminada para Metodo de Pago {0} en empresa {1}
Please try again or enter the item manually.,Por favor intente de nuevo o ingrese el articulo manualmente.
Popup blocked. Please allow popups.,Ventana emergente bloqueada.
Posting,Publicacion
Posting and Price List,Publicacion y Lista de Precios
Previous unit of measure,Unidad de medida anterior
Price List Rate,Tasa de Lista de Precios
Price List is required,Se requiere lista de precios
Pricing Rule,Regla de Precios
Print,Imprimir
Print Format,Formato de Impresion
Print Format (Invoice),Formato de Impresion (Factura)
Print Format (Order),Formato de Impresion (Orden)
Print Purchase Invoice instead of PO,Imprimir Factura de Compra en lugar de OC
Printer,Impresora
Processed returns impacting the shift totals,Devoluciones procesadas que afectan los totales del turno
Procurement,Adquisiciones
Products,Productos
Profile,Perfil
Profiles,Perfiles
Profit,Ganancia
Profitability Report,Informe de Rentabilidad
Purchase Amount,Monto de Compra
Purchase Invoices,Facturas de Compra
Purchase Order,Orden de Compra
Purchase Order Date,Fecha de Orden de Compra
Purchase Order created,Orden de Compra creada
Purchase Order {0} has been saved as Draft. Error: {1},La orden de compra {0} ha sido guardada como borrador. Error: {1}
Purchase order requires at least one item with quantity.,La orden de compra requiere al menos un articulo con cantidad.
Purchase order requires at least one item.,La orden de compra requiere al menos un articulo.
Purchase orders,Ordenes de Compra
QZ Certificate Missing,Certificado QZ Faltante
QZ Certificate Ready,Certificado QZ Listo
QZ Tray Setup,Configuracion de QZ Tray
QZ Tray certificate not found. Ask an administrator to run Setup QZ Certificate.,No se encontro certificado QZ.
QZ Tray connected.,QZ Tray conectado.
QZ Tray is not connected.,QZ Tray no esta conectado.
QZ certificate already exists.,El certificado QZ ya existe.
QZ certificate generated successfully.,Certificado QZ generado exitosamente.
Qty,Cant.
Qualified,Calificado
Quantity,Cantidad
Quantity exceeds available stock,La cantidad excede el inventario disponible
Rate adjusted to maximum allowed discount,Tasa ajustada al maximo descuento permitido
Ready,Listo
Real-time POS insights for retail operations.,Informacion de POS en tiempo real para operaciones minoristas.
Receive now,Recibir ahora
Receive stock,Recibir inventario
Received,Recibido
Recent Movement Entries,Entradas de Movimiento Recientes
Recent updates about your invoices,Actualizaciones recientes sobre sus facturas
Recently Active Customers,Clientes Recientemente Activos
Reconciling Payments,Conciliando Pagos
Redeem Credit,Canjear Credito
Redeem Loyalty Points,Canjear Puntos de Lealtad
Redeemed Customer Credit,Credito de Cliente Canjeado
Redeemed credit cannot be greater than its total.,El credito canjeado no puede ser mayor que su total.
Redemption and Totals,Canje y Totales
Reference,Referencia
Referral Code is required,Se requiere codigo de referencia
Referral Code {0} is disabled,El codigo de referencia {0} esta deshabilitado
Referral Code {0} is not exists,El codigo de referencia {0} no existe
Refresh,Actualizar
Refresh Exchange Rate,Actualizar Tipo de Cambio
Refresh Printers,Actualizar Impresoras
Reload Now,Recargar Ahora
Reload to apply the latest changes. Your current session will be refreshed.,Recargar para aplicar los ultimos cambios.
Remaining outstanding: {0} across {1} invoice(s).,Pendiente restante: {0} a traves de {1} factura(s).
Remarks,Observaciones
Remarks are required.,Se requieren observaciones.
Remove Offer,Eliminar Oferta
Remove item,Eliminar articulo
Reorder / Purchase Suggestions,Sugerencias de Reorden/Compra
Repeat Customers,Clientes Repetidos
Repeat Rate,Tasa de Repeticion
Request Payment,Solicitar Pago
Reset,Restablecer
Reset item name,Restablecer nombre del articulo
Return Amount,Monto de Devolucion
Return Count,Conteo de Devolucion
Return Valid Until,Devolución Válida Hasta
Return count,Conteo de Devolucion
Return value will be settled back through payment methods.,El valor de devolucion se liquidara a traves de metodos de pago.
Return window passed,Ventana de devolucion pasada
Returns,Devoluciones
Returns / Voids / Discounts,Devoluciones/Anulaciones/Descuentos
Returns are only allowed until {0},Las devoluciones solo se permiten hasta {0}
Returns by Currency,Devoluciones por Moneda
Revenue,Ingresos
Review shift totals before submitting the closing entry,Revise los totales del turno antes de enviar el cierre
Round Off,Redondear
Rows:,Filas:
Rule,Regla
Sale,Venta
Sales,Ventas
Sales Person,Vendedor
Sales Person and Print,Vendedor e Imprimir
Sales Trend Report,Informe de Tendencia de Ventas
Sales processed,Ventas procesadas
Save,Guardar
Save Settings,Guardar Configuracion
Saved draft invoices will appear here.,Las facturas de borrador guardadas apareceran aqui.
Scan Error,Error de Escaneo
Scanned Code:,Código Escaneado:
Scanning items,Escaneando articulos
Scope,Alcance
Search customer,Buscar cliente
Search drafts or customers,Buscar borradores o clientes
Search invoices or customers,Buscar facturas o clientes
Search item,Buscar articulo
Search item / code,Buscar articulo/codigo
Search items or barcode,Buscar articulos o codigo de barras
Search return invoices or customers,Buscar facturas de devolucion o clientes
Search supplier,Buscar proveedor
Search unpaid invoices or customers,Buscar facturas impagadas o clientes
Select Batch,Seleccionar Lote
Select a printer to use QZ silent printing.,Seleccione una impresoras para impresión silenciosa de QZ.
Select an option on the left to view its settings.,Seleccione una opción a la izquierda para ver su configuración.
Select printer,Seleccionar impresor
Serial,Serial
Server CPU Usage:,Uso de CPU del Servidor:
Server Memory Usage:,Uso de Memoria del Servidor:
Server Uptime:,Tiempo de Actividad del Servidor:
Service Charges,Cargos de Servicio
Share,Compartir
Shift Closed Snapshot,Instantanea de Turno Cerrado
Shift Overview,Vista General del Turno
Shift movements and evidence,Movimientos y evidencia del turno
Show cart on customer-facing screen,Mostrar carrito en pantalla del cliente
Show last invoice rate,Mostrar tasa de ultima factura
Showing 0 of 0,Mostrando 0 de 0
Size:,Tamano:
Skipped Payments,Pagos Omitidos
Skipping items without barcodes,Omitiendo articulos sin codigos de barras
Slow Moving,Movimiento Lento
Slow Moving Items,Artículos de Movimiento Lento
Slow Queries:,Consultas Lentas:
Sold,Vendido
Source,Origen
Source account,Cuenta de Origen
Specific Profile,Perfil Especifico
Split Invoices,Dividir Facturas
Staff,Personal
Stock,Inventario
Stock Information,Informacion de Inventario
Stock UOM is required.,Se requiere UOM de inventario.
Submit Deposit,Enviar Deposito
Submit Expense,Enviar Gasto
Submitted,Enviado
Submitted Cash Movements,Movimientos de Efectivo Enviados
Submitted entries,Entradas Enviadas
Successfully scanned:,Escaneado exitosamente:
Suggested,Sugerido
Suggested Qty,Cant. Sugerida
Supplier,Proveedor
Supplier and dates are required.,Se requieren proveedor y fechas.
Supplier is required.,Se requiere proveedor.
Supplier name is required,Se requiere nombre de proveedor
Supplier {0} was not found.,No se encontro el proveedor {0}.
Suppliers,Proveedores
Sync All Invoices,Sincronizar Todas las Facturas
Syncing offline catalog...,Sincronizando catalogo sin conexión...
System Status,Estado del Sistema
Tables:,Tablas:
Target,Destino
Target account,Cuenta de Destino
Tax,Impuesto
Tax / Charges Report,Informe de Impuestos/Cargos
Tax Heads,Cabeceras de Impuestos
Taxable Amount,Monto Imponible
Tendered,Ofrecido
The amount paid is not complete,El monto pagado no esta completo
The invoice stayed in draft. Please review and submit it manually.,La factura permanecio en borrador. Reviselay envie manualmente.
The maximum discount allowed is,El descuento maximo permitido es
This Referral Code {0} not exists,Este codigo de referencia {0} no existe
This amount will be written off on submission.,Este monto sera castigado al enviar.
This return will be settled as customer credit instead of cashback.,Esta devolucion se liquidara como credito del cliente.
Threshold,Umbral
To Date,Hasta Fecha
Today,Hoy
Today Profit,Ganancia de Hoy
Today Sales,Ventas de Hoy
Toggle navigation drawer,Alternar cajon de navegación
Top Brand,Mejor Marca
Top Category,Mejor Categoría
Top Customers,Mejores Clientes
Top Items by Location,Mejores Artículos por Ubicacion
Top Margin,Mejor Margen
Top Profit Item,Artículo de Mayor Ganancia
Top Return Items,Mejores Artículos Devueltos
Top Sales by Cashier,Mejores Ventas por Cajero
Top Supplier,Mejor Proveedor
Total Change,Cambio Total
Total Charges,Cargos Totales
Total In,Total Entrada
Total Invoices:,Total Facturas:
Total Items,Total Artículos
Total Mpesa:,Total Mpesa:
Total Out,Total Salida
Total Payments:,Total Pagos:
Total Purchase,Total Compra
Total Selected :,Total Seleccionado:
Total Stock Qty,Cant. Total de Inventario
Total:,Total:
Totals by Invoice Currency,Totales por Moneda de Factura
Track how much cash was handed back to customers,Rastrear cuanto efectivo se devolvio a clientes
"Track recent sales, collect unpaid balances, and reopen saved work","Rastrear ventas recientes, cobrar saldos impagados y reabrir trabajo guardado"
Trans Amount is required,Se requiere monto de transaccion
Transfer,Transferir
Try adjusting your search or filters,Intente ajustar su busqueda o filtros
Try changing the date range or status filter.,Intente cambiar el rango de fechas o filtro de estado.
Unable to add offer item. Please refresh and try again.,No se puede agregar articulo de oferta.
Unable to add scanned item.,No se puede agregar articulo escaneado.
Unable to create Journal Entry for customer credit.,No se puede crear asiento para credito de cliente.
Unable to create purchase order,No se puede crear orden de compra
Unable to delete draft invoice,No se puede eliminar factura borrador
Unable to determine cash account for change payment entry.,No se puede determinar cuenta de efectivo.
Unable to determine customer receivable account for change payment entry.,No se puede determinar cuenta por cobrar.
Unable to fetch M-Pesa payments,No se pueden obtener pagos M-Pesa
Unable to fetch draft invoices,No se pueden obtener facturas borrador
Unable to fetch draft orders,No se pueden obtener ordenes borrador
Unable to fetch invoice history,No se puede obtener historial de facturas
Unable to fetch sales orders,No se pueden obtener ordenes de venta
Unable to fetch unpaid invoices,No se pueden obtener facturas impagadas
Unable to generate scale barcode,No se puede generar codigo de barras de balanza
Unable to load Credit Note {0}: {1},No se puede cargar nota de credito {0}: {1}
Unable to load Payment Entry {0}: {1},No se puede cargar pago {0}: {1}
Unable to load draft invoice,No se puede cargar factura borrador
Unable to load invoice details,No se pueden cargar detalles de factura
Unable to load the selected sales order,No se puede cargar la orden de venta seleccionada
Unable to prepare return invoice,No se puede preparar factura de devolucion
Unable to print draft invoice,No se puede imprimir factura borrador
Unable to resolve POS Opening Shift.,No se puede resolver turno de apertura POS.
Unable to resolve POS cash account from POS Profile cash mode of payment.,No se puede resolver cuenta de efectivo.
Unable to submit the selected payment,No se puede enviar el pago seleccionado
Unbranded,Sin Marca
Uncategorized,Sin Categorizar
Unknown,Desconocido
Unknown Item,Artículo Desconocido
Unknown Warehouse,Almacen Desconocido
Unlabeled Charge,Cargo Sin Etiqueta
Unpaid,Impago
Update Price List Rate,Actualizar Tasa de Lista de Precios
Update available,Actualizacion disponible
Updated,Actualizado
Use Western numerals,Usar numerales occidentales
Used:,Usado:
User must match the selected POS Opening Shift user.,El usuario debe coincidir con el usuario del turno.
Using basic camera settings due to device limitations,Usando configuración basica de camara debido a limitaciones
Variance %,Variacion %
Variant-wise,Por Variante
Variants,Variantes
View Details,Ver Detalles
View notifications,Ver Notificaciones
View offline invoices,Ver facturas sin conexión
Void Amount,Monto Anulado
Void Count,Conteo Anulado
Voids,Anulaciones
Waiting for cart items,Esperando articulos del carrito
Waiting for payment...,Esperando pago...
Walk-in Customer,Cliente Espontaneo
Warning: High cache usage may affect performance.,Advertencia: Uso alto de cache puede afectar rendimiento.
Warning: High lag may indicate heavy processing or browser slowness.,Advertencia: Alto retardo puede indicar procesamiento pesado.
Week-wise,Semanal
Weight (g),Peso (g)
Weight (grams),Peso (gramos)
Write Off Amount,Monto a Castigar
Write Off Difference Amount,Monto de Diferencia a Castigar
"Yes, Cancel sale","Si, cancelar venta"
"Yes, Close","Si, Cerrar"
You are not allowed to access this shift.,No tiene acceso a este turno.
You are not allowed to manage this cash movement record.,No tiene acceso a gestionar este movimiento de efectivo.
You are not allowed to print draft invoices,No tiene permiso para imprimir facturas borrador
You are not permitted to access POS Profile {0}.,No tiene acceso al perfil POS {0}.
You are not permitted to view dashboard data for POS Profile {0}.,No tiene acceso a datos del panel para {0}.
You are offline. Add Payment will work again when the connection is restored.,Esta sin conexión. Agregar Pago funciónara cuando se restaure la conexión.
You are trying to return more quantity for item {0} than was sold.,Esta intentando devolver mas cantidad para el articulo {0} de la vendida.
You can redeem credit up to,Puede canjear credito hasta
You can redeem up to,Puede canjear hasta
You have no notifications right now,No tiene notificaciones ahora
Your Cart,Su Carrito
actual_qty,cant_real
cache used,cache usado
commits,commits
days,días
modified_after must be a valid ISO datetime,modified_after debe ser una fecha ISO valida
sales,ventas
this item,este articulo
{0} Coupon used are {1}. Allowed quantity is exhausted,Cupon {0} usado es {1}. Cantidad permitida agotada
{0} is disabled for this POS Profile.,{0} esta deshabilitado para este perfil POS.
{0} is invalid.,{0} es invalido.
{0} must belong to company {1}.,{0} debe pertenecer a la empresa {1}.
{0} payment(s) were skipped.,{0} pago(s) fueron omitidos.
{0} {1} must be submitted before creating change payment entries.,{0} {1} debe enviarse antes de crear entradas de pago de cambio.
Account,Cuenta
Acknowledge the error to resume scanning,Aceptar el error para reanudar el escaneo
Across,A través
Action,Acción
Add on New Line,Agregar en Nueva Línea
Address Line 1,Dirección Línea 1
Address not found,Dirección no encontrada
Adjustment,Ajuste
After returns,Después de devoluciones
Against,Contra
Against Name,Nombre Contra
Age Bracket,Grupo de Edad
All Caught Up!,¡Todo al día!
All Profiles,Todos los Perfiles
All invoices are synchronized,Todas las facturas están sincronizadas
All visible invoices are fully settled.,Todas las facturas visibles están completamente liquidadas.
Allocated {0} across {1} payment(s).,Asignado {0} a través de {1} pago(s).
Allocation amount for payment {0} exceeds outstanding invoices,El monto de asignación para el pago {0} excede las facturas pendientes
Always fetch items from server (ignore local cache),Siempre obtener artículos del servidor (ignorar caché local)
Amount,Monto
Amount already received,Monto ya recibido
Amount exceeds POS Profile cash movement max amount.,El monto excede el monto máximo de movimiento de efectivo del perfil POS.
Amount exceeds profile cash movement max amount.,El monto excede el monto máximo de movimiento de efectivo del perfil.
Amount received from customer,Monto recibido del cliente
Apply,Aplicar
Apps,Aplicaciones
Are you sure you want to close? All entered data will be lost.,¿Está seguro de que desea cerrar? Todos los datos ingresados se perderán.
Attributes (Size/Color),Atributos (Tamaño/Color)
Available:,Disponible:
Average Basket,Promedio de Carrito
Average Bill,Factura Promedio
Average Ticket,Ticket Promedio
Avg Bill,Promedio Factura
Avg Invoice,Factura Promedio
Avg Invoice Profit,Ganancia Promedio por Factura
Avg Invoice Value,Valor Promedio de Factura
Avg Purchase Frequency,Frecuencia de Compra Promedio
Awesome,Increíble
Awesome Dashboard,Panel Awesome
Awesome Dashboard is disabled in POS Settings.,El Panel Awesome está deshabilitado en la configuración de POS.
Awesome Dashboard is disabled in global settings or for the selected scope.,El Panel Awesome está deshabilitado en configuración global o para el alcance seleccionado.
Back Office Cash Account,Cuenta de Efectivo de Oficina
Back Office Cash Account (Optional Override),Cuenta de Efectivo de Oficina (Anulación Opcional)
Back Office Cash Account is fixed by POS Profile and cannot be overridden.,La cuenta de efectivo de oficina está fijada por el perfil POS y no puede ser anulada.
Back Office Cash Account is required for cash deposit.,Se requiere cuenta de efectivo de oficina para depósito en efectivo.
Back office cash account is required.,Se requiere cuenta de efectivo de oficina.
Background Submission Failed,Envío en Segundo Plano Fallido
Background sync interval (seconds),Intervalo de sincronización en segundo plano (segundos)
Balances still pending,Saldos todavía pendientes
Barcode Label Printing,Impresión de Etiquetas de Código de Barras
Barcode {0} already exists.,El código de barras {0} ya existe.
Basic Information,Información Básica
Batch Information,Información de Lote
Before any return workflow,Antes de cualquier flujo de devolución
Before returns,Antes de devoluciones
Best Day,Mejor Día
Best Seller,Mejor Vendedor
Book expense or deposit from active shift.,Registrar gasto o depósito del turno activo.
Branch / Location-wise Report,Informe por Sucursal/Ubicación
Branches,Sucursales
Brand-wise,Por Marca
Breakdown,Desglose
Build Time:,Tiempo de Construcción:
Built with Frappe,Construido con Frappe
Bundle,Paquete
COGS,COGS
CPU Cores:,Núcleos de CPU:
CPU Load,Carga de CPU
Cache Usage,Uso de Caché
Cache cleared successfully,Caché limpiada exitosamente
Camera Access Required,Acceso a Cámara Requerido
Camera access was aborted. Please try again.,El acceso a la cámara fue abortado. Por favor intente de nuevo.
Cancel Payment,Cancelar Pago
Cancel Sale,Cancelar Venta
Cancelled,Cancelado
Cancelling submitted cash movements is disabled for this POS Profile.,Cancelar movimientos de efectivo enviados está deshabilitado para este perfil POS.
Cannot Save Offline Invoice: ,No se puede guardar factura offline:
Cannot Save Offline Payment: ,No se puede guardar pago offline:
Cannot clear cache while offline,No se puede limpiar caché mientras está offline
Cannot redeem customer credit more than invoice total,No se puede canjear crédito del cliente más que el total de la factura
Cards,Tarjetas
Cash Deposit is disabled for this POS Profile.,El depósito en efectivo está deshabilitado para este perfil POS.
Cash Drawer Snapshot,Instantánea de Cajón de Efectivo
Cash In Hand,Efectivo en Mano
Cash Movement is disabled for this POS Profile.,El movimiento de efectivo está deshabilitado para este perfil POS.
Cash Movement is disabled in current POS Profile.,El movimiento de efectivo está deshabilitado en el perfil POS actual.
Cash Movements,Movimientos de Efectivo
Cash back to customers,Efectivo de vuelta a clientes
Cash movement cancelled,Movimiento de efectivo cancelado
Cash movement deduction applied,Descuento de movimiento de efectivo aplicado
Cash movement deleted,Movimiento de efectivo eliminado
Cash movement is disabled for this POS Profile.,El movimiento de efectivo está deshabilitado para este perfil POS.
Cash movement saved offline,Movimiento de efectivo guardado offline
Cash movement submitted,Movimiento de efectivo enviado
Cashiers,Cajeros
Category / Brand / Variant Report,Informe por Categoría/Marca/Variante
Category-wise,Por Categoría
Category-wise Margin,Margen por Categoría
Certificate is missing or not trusted. QZ may show confirmation dialogs.,El certificado falta o no es de confianza. QZ puede mostrar diálogos de confirmación.
Certificate is trusted. Silent QZ printing is active.,El certificado es de confianza. La impresión silenciosa de QZ está activa.
Change Price,Cambiar Precio
Change Return,Cambiar Devolución
Change Returned,Cambio Devuelto
Charge Heads,Cabeceras de Cargo
Charges not found,Cargos no encontrados
Check for new commits,Verificar nuevos commits
City,Ciudad
Clear,Limpiar
Clear Search,Limpiar Búsqueda
Clearing local cache...,Limpiando caché local...
Click to refresh,Haz clic para actualizar
Client CPU Lag:,Retraso de CPU del Cliente:
Client Memory Usage:,Uso de Memoria del Cliente:
Client Metrics,Métricas del Cliente
Close Scanner,Cerrar Escáner
Closing Snapshot Available,Instantánea de Cierre Disponible
Code,Código
Code scanned successfully,Código escaneado exitosamente
Cols,Columnas
Columns,Columnas
Company,Empresa
Company is required.,Se requiere empresa.
Company must match the selected POS Opening Shift company.,La empresa debe coincidir con la empresa del turno de apertura POS seleccionado.
Company must match the selected POS Profile company.,La empresa debe coincidir con la empresa del perfil POS seleccionado.
Completed returns will appear here.,Las devoluciones completadas aparecerán aquí.
Confirm Close,Confirmar Cierre
Confirm Mobile Number,Confirmar Número de Móvil
Connect printer and manage certificate,Conectar impresora y gestionar certificado
Connecting to QZ Tray...,Conectando a QZ Tray...
Context is required,Se requiere contexto
Continue Editing,Continuar Editando
Cost Center is not set in pos profile {},Centro de costos no establecido en perfil POS {}
Could not fetch latest balance from server,No se pudo obtener el último saldo del servidor
Count,Conteo
Country,País
Coupon,Cupón
Coupons,Cupones
Cover,Cubrir
Create Customer,Crear Cliente
Create items,Crear artículos
Create suppliers,Crear proveedores
Credit Note {0} has no remaining balance to allocate.,La nota de crédito {0} no tiene saldo restante para asignar.
Credit Outstanding,Crédito Pendiente
Credit and Output,Crédito y Salida
Credit note {0} is already fully allocated,La nota de crédito {0} ya está totalmente asignada
Credit note {0} still has an unapplied balance of {1},La nota de crédito {0} todavía tiene un saldo sin aplicar de {1}
Credit sales remaining to be collected,Ventas a crédito pendientes de cobrar
Critical,Crítico
Custom Due Days,Días de Vencimiento Personalizados
Custom items per page,Artículos personalizados por página
Customer Balance,Saldo del Cliente
Customer Name is required,Se requiere nombre del cliente
Customer Screen,Pantalla del Cliente
Customer already selected,Cliente ya seleccionado
Customer balance unavailable offline,Saldo del cliente no disponible offline
Customer created successfully.,Cliente creado exitosamente.
Customer creation failed.,Falló la creación del cliente.
Customer display channel is missing,Falta el canal de visualización del cliente
Customer group is required,Se requiere grupo de clientes
Customer is required to add payment,Se requiere cliente para agregar pago
Customer not selected,Cliente no seleccionado
Customer saved offline,Cliente guardado offline
Customer territory is required,Se requiere territorio del cliente
Customer updated successfully.,Cliente actualizado exitosamente.
Customers not found,Clientes no encontrados
Daily Sales Summary,Resumen de Ventas Diarias
Database Health,Salud de la Base de Datos
Database Info,Info de Base de Datos
Database health affects overall system speed and reliability.,El estado de la base de datos afecta la velocidad y confiabilidad general del sistema.
Date,Fecha
Day Δ,Día Δ
Day-wise (MTD),Diario (MTD)
Day-wise Movement,Movimiento Diario
Dead Stock,Stock Muerto
Dead Stock Items,Artículos de Stock Muerto
Default Rate is required,Se requiere tasa predeterminada
Delete Invoice,Eliminar Factura
Deleting cancelled cash movements is disabled for this POS Profile.,Eliminar movimientos de efectivo cancelados está deshabilitado para este perfil POS.
Delivery Charges,Cargos de Entrega
Delivery Information,Información de Entrega
Description,Descripción
Detailed Supplier Breakdown,Desglose Detallado de Proveedor
Difference (In Company Currency),Diferencia (En Moneda de la Empresa)
Discount %,Descuento %
Discount / Void / Return Report,Informe de Descuento/Anulación/Devolución
Discount limited by POS Profile,Descuento limitado por perfil POS
Discounted Invoices,Facturas con Descuento
Draft,Borrador
Enable Customer Display in POS Profile first.,Habilitar pantalla del cliente en perfil POS primero.
Enter a valid grams value,Ingrese un valor válido en gramos
Enter new price list rate,Ingrese nueva tasa de lista de precios
Enter valid grams for scale barcode,Ingrese gramos válidos para código de barras de balanza
Entries,Entradas
Error Loading Data,Error al Cargar Datos
Error calculating prices,Error al calcular precios
Error fetching customer balance,Error al obtener saldo del cliente
Error processing payment,Error al procesar pago
Error searching invoices,Error al buscar facturas
Error submitting invoice: ,Error al enviar la factura: 
Error updating item details,Error al actualizar detalles del artículo
Est. Purchase,Compra Est.
Est. Value,Valor Est.
Event-loop lag measures how busy your browser is. Lower is better.,El retraso del bucle de eventos mide qué tan ocupado está tu navegador. Menos es mejor.
Expected Amount (In Company Currency),Monto Esperado (En Moneda de la Empresa)
Expected Cash,Efectivo Esperado
Expected cash on hand grouped by currency,Efectivo esperado en mano agrupado por moneda
Expense Account (Optional Override),Cuenta de Gastos (Anulación Opcional)
Expense Account is required for expense entries.,Se requiere cuenta de gastos para entradas de gastos.
Expense account is required for POS Expense.,Se requiere cuenta de gastos para gasto POS.
Expense account is required.,Se requiere cuenta de gastos.
Expense target account must match Expense Account.,La cuenta de gastos objetivo debe coincidir con la cuenta de gastos.
Expenses and deposits posted during this shift,Gastos y depósitos registrados durante este turno
Failed to auto reconcile payments.,Falló la conciliación automática de pagos.
Failed to clear cache,Falló al limpiar caché
Failed to generate scale barcode. Using item barcode only.,Falló al generar código de barras de balanza. Usando solo código de barras del artículo.
Failed to load cash movement context.,Falló al cargar contexto de movimiento de efectivo.
Failed to load dashboard data.,Falló al cargar datos del panel.
Failed to reconcile Credit Note {0}: {1},Falló al reconciliar nota de crédito {0}: {1}
Failed to reconcile Journal Entry {0}: {1},Falló al reconciliar asiento {0}: {1}
Failed to reconcile Payment Entry {0}: {1},Falló al reconciliar entrada de pago {0}: {1}
Failed to reload invoice from server,Falló al recargar factura del servidor
Failed to sync offline cash movements,Falló al sincronizar movimientos de efectivo offline
Flash Off,Flash Apagado
Flash On,Flash Encendido
Fulfillment Details,Detalles de Cumplimiento
Full Name,Nombre Completo
Get Payments,Obtener Pagos
Grand Total,Total General
Group not found,Grupo no encontrado
Grouped totals for each payment method and currency,Totales agrupados para cada método de pago y moneda
Hide Non Essential Fields,Ocultar Campos No Esenciales
Hide quantity decimals,Ocultar decimales de cantidad
Hide zero rated items,Ocultar artículos con tasa cero
Import the certificate into QZ Tray and restart QZ Tray on each POS machine.,Importe el certificado a QZ Tray y reinicie QZ Tray en cada máquina POS.
Include Batch / Serial,Incluir Lote / Serial
Include Price,Incluir Precio
IndexedDB,IndexedDB
Initialize your shift with opening balances,Inicie su turno con saldos de apertura
Initializing application...,Inicializando aplicación...
Installed Applications,Aplicaciones Instaladas
Invalid Opening Entry,Entrada de Apertura Inválida
Invalid POS Opening Shift data provided.,Datos de turno de apertura POS inválidos proporcionados.
Invalid Period,Período Inválido
Invalid movement type for journal entry.,Tipo de movimiento inválido para asiento.
Invalid movement type.,Tipo de movimiento inválido.
Invalid posting date.,Fecha de publicación inválida.
Invalid rate,Tarifa inválida
Invalid {0} filter,Filtro {0} inválido
Inventory Status Report,Informe de Estado de Inventario
Invoice Change,Cambio de Factura
Invoice Mgmt,Gestión de Facturas
Invoice is still in draft after background submission.,La factura todavía está en borrador después del envío en segundo plano.
Invoice saved offline,Factura guardada offline
Invoice submission failed,Envío de factura fallido
Invoice {0} Deleted,Factura {0} Eliminada
Invoices,Facturas
Item / Product Sales Report,Informe de Ventas de Artículo/Producto
Item Code,Código de Artículo
Item Code and Price List are required,Se requieren código de artículo y lista de precios
Item Price has been added or updated,El precio del artículo ha sido agregado o actualizado
Item Selector Settings,Configuración del Selector de Artículos
Item is out of stock,El artículo está agotado
Item not found,Artículo no encontrado
Item order updated,Orden del artículo actualizada
Item-wise Profitability,Rentabilidad por Artículo
Items,Artículos
Items added in POS will appear here automatically.,Los artículos agregados en POS aparecerán aquí automáticamente.
Items added to invoice,Artículos agregados a la factura
Items per page,Artículos por página
Items/Invoice,Artículos/Factura
Journal Entry {0} has no unallocated amount remaining.,El asiento {0} no tiene monto sin asignar restante.
Last 14 Days (Paid vs Pending),Últimos 14 Días (Pagado vs Pendiente)
Last 14 Days Activity,Actividad de Últimos 14 Días
Last 14 Days Gross Profit,Ganancia Bruta de Últimos 14 Días
Last 14 Days Purchases,Compras de Últimos 14 Días
Last 14 Days Tax/Charges,Impuestos/Cargos de Últimos 14 Días
Lead Time,Tiempo de Entrega
List,Lista
Load Drafts,Cargar Borradores
Load More Invoices,Cargar Más Facturas
Load Sales Invoice,Cargar Factura de Venta
Load previously saved invoices,Cargar facturas guardadas anteriormente
Loading customer database...,Cargando base de datos de clientes...
Loading product catalog...,Cargando catálogo de productos...
Low Stock Threshold,Umbral de Stock Bajo
Low Stock Total,Total de Stock Bajo
Lowest Margin,Margen Más Bajo
Manage and synchronize your offline transactions,Gestione y sincronice sus transacciones offline
Mobile No,Móvil No
Mode,Modo
Mode of Payment,Modo de Pago
Mode of Payments,Modos de Pago
Month Δ,Mes Δ
Month-wise,Mensual
Monthly Sales Summary,Resumen de Ventas Mensuales
Most Active Cashiers,Cajeros Más Activos
Name,Nombre
Negative Stock Items,Artículos con Stock Negativo
Negative values not allowed,Valores negativos no permitidos
Net Total,Total Neto
No allocation made for credit note {0},No se hizo asignación para nota de crédito {0}
No allocation made for payment {0},No se hizo asignación para pago {0}
No allocation was recorded for Credit Note {0}.,No se registró asignación para nota de crédito {0}.
No allocation was recorded for Journal Entry {0}.,No se registró asignación para asiento {0}.
No allocation was recorded for Payment Entry {0}.,No se registró asignación para entrada de pago {0}.
No allocations were made.,No se hicieron asignaciones.
No batches available in {0} for {1}.,No hay lotes disponibles en {0} para {1}.
No branch/location data found.,No se encontraron datos de sucursal/ubicación.
No brand data found.,No se encontraron datos de marca.
No cash movement type is allowed for this POS Profile.,No se permite ningún tipo de movimiento de efectivo para este perfil de POS.
No cashier-wise discount/void/return activity.,No hay actividad de descuento/anulación/devolución por cajero.
No category data found.,No se encontraron datos de categoría.
No category profitability data found.,No se encontraron datos de rentabilidad por categoría.
No change returned recorded for this shift.,No hay cambio devuelto registrado para este turno.
No charge head breakdown found.,No se encontró desglose por concepto de cargo.
No customer sales data found.,No se encontraron datos de ventas por cliente.
No day-wise discount/void/return trend.,No hay tendencia de descuento/anulación/devolución por día.
No day-wise payment data found.,No se encontraron datos de pago por día.
No day-wise profitability trend found.,No se encontró tendencia de rentabilidad por día.
No day-wise purchase data found.,No se encontraron datos de compras por día.
No day-wise sales trend found.,No se encontró tendencia de ventas por día.
No day-wise tax/charges trend found.,No se encontró tendencia de impuestos/cargos por día.
No dead stock items.,No hay artículos sin movimiento.
No hourly sales trend found for today.,No se encontró tendencia de ventas por hora para hoy.
No invoices found,No se encontraron facturas
No invoices found. Try different search criteria.,No se encontraron facturas. Prueba otros criterios de búsqueda.
No item profitability data found.,No se encontraron datos de rentabilidad por artículo.
No item sales data found for this period.,No se encontraron datos de ventas por artículo en este periodo.
No items found,No se encontraron artículos
No items in cart,No hay artículos en el carrito
No items with barcodes to print,No hay artículos con códigos de barras para imprimir
No location-wise top item data found.,No se encontraron datos de artículos destacados por ubicación.
No low stock alerts right now.,No hay alertas de stock bajo en este momento.
No low stock items.,No hay artículos con stock bajo.
No month-wise sales trend found.,No se encontró tendencia de ventas por mes.
No negative stock items.,No hay artículos con stock negativo.
No offline cash movement synced.,No se sincronizó ningún movimiento de efectivo fuera de línea.
No offline invoices pending synchronization,No hay facturas fuera de línea pendientes de sincronización
No out-of-stock items.,No hay artículos agotados.
No payment collection data found.,No se encontraron datos de cobranza.
No payment rows available on this invoice.,No hay renglones de pago disponibles en esta factura.
No payments registered for this shift.,No hay pagos registrados para este turno.
No pending balances in this period.,No hay saldos pendientes en este periodo.
No pending offline invoices,No hay facturas fuera de línea pendientes
No profiles found for selected scope. Falling back to current profile failed.,No se encontraron perfiles para el alcance seleccionado. Falló el regreso al perfil actual.
No recent customer activity found.,No se encontró actividad reciente de clientes.
No recent stock entries found.,No se encontraron entradas de stock recientes.
No reorder suggestions right now.,No hay sugerencias de reorden en este momento.
No repeat customers in this period.,No hay clientes recurrentes en este periodo.
No return item trend found.,No se encontró tendencia de artículos devueltos.
No returnable items found for this invoice,No se encontraron artículos retornables para esta factura.
No returns were processed in this shift.,No se procesaron devoluciones en este turno.
No risk activity found.,No se encontró actividad de riesgo.
No sales activity found for this period.,No se encontró actividad de ventas en este periodo.
No slow moving items.,No hay artículos de lento movimiento.
No staff sales activity found.,No se encontró actividad de ventas del personal.
No stock movement for this period.,No hay movimientos de stock en este periodo.
No submitted cash movements in this shift.,No hay movimientos de efectivo enviados en este turno.
No supplier purchases found in this month.,No se encontraron compras a proveedores en este mes.
No suppliers found for this period.,No se encontraron proveedores para este periodo.
No tax head breakdown found.,No se encontró desglose por concepto de impuesto.
No top items found for this location.,No se encontraron artículos destacados para esta ubicación.
No unallocated payments were available for reconciliation.,No había pagos sin asignar disponibles para conciliación.
No unpaid invoices,No hay facturas sin pagar
No valid batches available in {0} for {1}.,No hay lotes válidos disponibles en {0} para {1}.
No variant data found.,No se encontraron datos de variantes.
No week-wise sales trend found.,No se encontró tendencia de ventas por semana.
No.,No.
Nobile Number,Número de teléfono
Offline Invoices,Facturas fuera de línea
Only cancelled POS Cash Movement records can be deleted.,Solo se pueden eliminar los registros de Movimiento de Efectivo POS cancelados.
Only cancelled cash movements can be deleted.,Solo se pueden eliminar los movimientos de efectivo cancelados.
Only submitted cash movements can be cancelled.,Solo se pueden cancelar los movimientos de efectivo enviados.
Only submitted or cancelled cash movements can be duplicated.,Solo se pueden duplicar los movimientos de efectivo enviados o cancelados.
Only the shift owner can create cash movement entries.,Solo el dueño del turno puede crear movimientos de efectivo.
Open this screen from POS Menu -> Open Customer Display.,Abre esta pantalla desde Menú POS -> Abrir pantalla del cliente.
OpenCV Off,OpenCV desactivado
OpenCV On,OpenCV activado
OpenCV image processing enabled - Enhanced barcode detection,Procesamiento de imagen OpenCV habilitado - Detección de códigos de barras mejorada
OpenCV image processing unavailable on this device,Procesamiento de imagen OpenCV no disponible en este dispositivo
OpenCV processing disabled,Procesamiento OpenCV deshabilitado
Out of Stock Items,Artículos agotados
Outstanding,Pendiente
Outstanding Credit by Currency,Crédito pendiente por moneda
Overpayment Change,Cambio por sobrepago
PDF,PDF
POS,POS
POS Awesome,POS Awesome
POS Awesome Payments is not enabled for this POS Profile,POS Awesome Payments no está habilitado para este perfil de POS
POS Awesome credit redemption for Sales Invoice {0},Canje de crédito de POS Awesome para la factura de venta {0}
POS Cash Movement,POS Cash Movement
POS Offer is disable.,La oferta de POS está deshabilitada.
POS Opening Shift is required,Se requiere un turno de apertura de POS
POS Opening Shift is required to compute the overview.,Se requiere un turno de apertura de POS para calcular el resumen.
POS Opening Shift is required.,Se requiere un turno de apertura de POS.
POS Opening Shift must be submitted and open.,El turno de apertura de POS debe estar enviado y abierto.
POS Opening Shift not found.,Turno de apertura de POS no encontrado.
POS Opening Shift {0} is not for the same POS Profile,El turno de apertura de POS {0} no es del mismo perfil de POS
POS Opening Shift {0} is not for the same company,El turno de apertura de POS {0} no es de la misma empresa
POS Profile,POS Profile
POS Profile company must match active POS Opening Shift company.,La empresa del perfil de POS debe coincidir con la empresa del turno de apertura de POS activo.
POS Profile is required,Se requiere un perfil de POS
POS Profile is required to create purchase documents.,Se requiere un perfil de POS para crear documentos de compra.
POS Profile is required.,Se requiere un perfil de POS.
POS Profile must match the active POS Opening Shift profile.,El perfil de POS debe coincidir con el perfil del turno de apertura de POS activo.
POS Profile must match the selected POS Opening Shift profile.,El perfil de POS debe coincidir con el perfil del turno de apertura de POS seleccionado.
POS Profile {0} does not belong to company {1}.,El perfil POS {0} no pertenece a la empresa {1}.
POS Profile {0} does not exist.,El perfil POS {0} no existe.
POS Shift {0} is not open,El turno POS {0} no está abierto
POS lock is not available yet,El bloqueo POS aún no está disponible
POS profile data is missing or invalid.,Los datos del perfil POS faltan o son inválidos.
Paid,Pagado
Paid change cannot be greater than total change!,¡El cambio pagado no puede ser mayor que el cambio total!
Payment Entry {0} has no unallocated amount remaining.,La entrada de pago {0} no tiene monto sin asignar restante.
Payment ID,ID de Pago
Payment Methods,Métodos de Pago
Payment Reconciliation,Conciliación de Pagos
Payment saved offline,Pago guardado sin conexión
Payment {0} is already fully allocated,El pago {0} ya está totalmente asignado
Payments,Pagos
Pending,Pendiente
Pending Exposure,Exposición Pendiente
Pending Invoices,Facturas Pendientes
Pending Ratio,Ratio Pendiente
Please allow camera access to scan codes,Por favor permita acceso a la cámara para escanear códigos
Please make a payment or select an payment,Por favor realice un pago o seleccione un método de pago
Please select Coupon Code Based POS Offer.,Por favor seleccione la oferta POS basada en código de cupón.
Please select a customer,Por favor seleccione un cliente
Please select a customer first,Por favor seleccione primero un cliente
Please select a valid movement type.,Por favor seleccione un tipo de movimiento válido.
Please select an invoice,Por favor seleccione una factura
Please select company before reconciling.,Por favor seleccione la empresa antes de conciliar.
Please select the correct POS Offer with the same company.,Por favor seleccione la oferta POS correcta de la misma empresa.
Position the QR code or barcode within the scanning area,Posicione el código QR o de barras en el área de escaneo
Posting Date,Fecha de Publicación
Pricing & Discounts,Precios y Descuentos
Print Draft,Imprimir Borrador
Processing Payment,Procesando Pago
Profile switching is not available yet,El cambio de perfil aún no está disponible
Profit: Invoice Item Estimate,Ganancia: Estimación de Artículo de Factura
Profit: Stock Ledger (COGS),Ganancia: Libro de Stock (COGS)
Prorated return discount,Descuento prorrateado de devolución
Rate,Tarifa
Ready!,¡Listo!
Reconcile payment methods and close shift,Conciliar métodos de pago y cerrar turno
Reload Items,Recargar Artículos
Remarks are required for cash movement in this POS Profile.,Se requieren notas para movimiento de efectivo en este perfil POS.
Remove,Eliminar
Request,Solicitar
Required columns cannot be hidden,Las columnas requeridas no pueden ocultarse
Retry,Reintentar
Return without Invoice,Devolver sin Factura
Rows,Filas
Sales Person not found,Vendedor no encontrado
Sales Return,Devolución de Ventas
Sales Summary,Resumen de Ventas
Save & Clear,Guardar y Limpiar
Scale barcode detected. Quantity here is the number of labels to print.,Código de barras de escala detectado. La cantidad aquí es el número de etiquetas a imprimir.
Scan QR Code/Barcode,Escanear Código QR/Código de barras
Scan with Camera,Escanear con Cámara
Scope: All Profiles,Alcance: Todos los Perfiles
Scope: Current Profile,Alcance: Perfil Actual
Scope: Specific Profile,Alcance: Perfil Específico
Search,Buscar
Search Mpesa Payments,Buscar Pagos Mpesa
Select,Seleccionar
Select Columns to Display,Seleccionar Columnas a Mostrar
Select Payment,Seleccionar Pago
Select S.O,Seleccionar O.S.
Select Sales Orders,Seleccionar Pedidos de Venta
Open Order,Abrir pedido
Create Invoice,Facturar
Select a customer to use coupon,Seleccione un cliente para usar cupón
Selected POS Opening Shift should be open.,El turno de apertura POS seleccionado debe estar abierto.
Selected expense account is not allowed for this POS Profile.,La cuenta de gastos seleccionada no está permitida para este perfil POS.
Selected movement type is not allowed by POS Profile.,El tipo de movimiento seleccionado no está permitido por el perfil POS.
Selected source account is not allowed for this POS Profile.,La cuenta de origen seleccionada no está permitida para este perfil POS.
Serial Numbers,Números de Serie
Server Health,Estado del Servidor
Server Metrics,Métricas del Servidor
Settings,Configuración
Setup complete!,¡Configuración completa!
Shows the distribution of invoices per currency,Muestra la distribución de facturas por moneda
"Sorry, this coupon code cannot be used by this company","Lo siento, este código de cupón no puede ser usado por esta empresa"
"Sorry, this coupon code cannot be used by this customer","Lo siento, este código de cupón no puede ser usado por este cliente"
"Sorry, this coupon code is no longer valid","Lo siento, este código de cupón ya no es válido"
"Sorry, this coupon code not exists","Lo siento, este código de cupón no existe"
"Sorry, {0} have used this coupon before","Lo siento, {0} ha usado este cupón antes"
Source Cash Account (Optional Override),Cuenta de Efectivo de Origen (Anulación Opcional)
Source account must be a Cash account.,La cuenta de origen debe ser una cuenta de efectivo.
Source account must belong to the selected company.,La cuenta de origen debe pertenecer a la empresa seleccionada.
Source account override is disabled for this POS Profile.,La anulación de cuenta de origen está deshabilitada para este perfil POS.
Source and target accounts are required.,Se requieren cuentas de origen y destino.
Source and target accounts cannot be the same for cash deposit.,Las cuentas de origen y destino no pueden ser iguales para depósito en efectivo.
Staff / Cashier Performance Report,Informe de Rendimiento de Personal/Cajero
Status,Estado
Status must be one of {0},El estado debe ser uno de {0}
Stock Movement Report,Informe de Movimiento de Stock
Submit & Print,Enviar e Imprimir
Supplier Purchase Summary,Resumen de Compra de Proveedor
Supplier name is required.,Se requiere nombre de proveedor.
Suppliers not found,Proveedores no encontrados
Switch Camera,Cambiar Cámara
Switched to: ,Cambiado a: 
System Information,Información del Sistema
Target account must belong to the selected company.,La cuenta de destino debe pertenecer a la empresa seleccionada.
Taxes,Impuestos
Territory not found,Territorio no encontrado
The app stores data locally for offline use. This is called cache.,La aplicación almacéna datos localmente para uso sin conexión. Esto se llama caché.
These invoices will be synced when connection is restored,Estas facturas se sincronizarán cuando se restablezca la conexión
This coupon already used !,¡Este cupón ya ha sido usado!
This invoice {0} cannot be deleted,Esta factura {0} no puede ser eliminada
This is an item template. Please choose a variant.,Esta es una plantilla de artículo. Por favor elija una variante.
Time,Tiempo
Tip: Clear cache regularly to free up space and keep the app fast.,Consejo: Limpie la caché regularmente para liberar espacio y mantener la aplicación rápida.
Tip: Close unused tabs or apps to reduce lag.,Consejo: Cierre pestañas o aplicaciónes no utilizadas para reducir el retraso.
Tip: Monitor slow queries and table size for optimal performance.,Consejo: Monitoree consultas lentas y tamaño de tablas para un rendimiento óptimo.
Top Charge Head,Principal Cabecera de Cargo
Top Discount,Mayor Descuento
Top Pending,Mayor Pendiente
Top Suppliers by Spend,Principales Proveedores por Gasto
Top Tables,Principales Mesas
Top Tax Head,Principal Cabecera de Impuesto
Top Variant,Principal Variante
Total,Total
Total Invoices,Total de Facturas
Total Quantity,Cantidad Total
Total Size,Tamaño Total
UOM,UdM
UOM not found,UdM no encontrada
Unallocated,Sin Asignar
Update Customer,Actualizar Cliente
Updates automatically,Se actualiza automáticamente
Usage,Uso
Usage Stats,Estadísticas de Uso
Use date range to search for older invoices,Use rango de fechas para buscar facturas más antiguas
Using cached customer balance,Usando saldo de cliente en caché
Verify closing amounts for each payment method,Verificar montos de cierre para cada método de pago
Warehouse,Almacén
Week Δ,Semana Δ
Yes,Sí
add,agregar
localStorage,localStorage
Stock update: {0} has {1} available. Adding {2} will bring the stock below zero.,Actualización de stock: {0} tiene {1} disponible. Agregar {2} llevará el stock por debajo de cero.
{0} has only {1} in stock. You requested {2}. Adjust quantity or restock.,{0} solo tiene {1} en stock. Solicitó {2}. Ajuste la cantidad o reabastezca.
Account Head,Cuenta Principal
Accounts Manager,Gerente de Cuentas
Accounts User,Usuario de Cuentas
Add/Edit Coupon Conditions,Agregar/Editar Condiciones del Cupón
Administrator,Administrador
All Synced,Todo Sincronizado
Allow Create Sales Order,Permitir Crear Pedido de Venta
Allow Credit Sale,Permitir Venta a Crédito
Allow Delete Offline Invoice,Permitir Eliminar Factura Offline
Allow Partial Payment,Permitir Pago Parcial
Allow Price List Rate Change,Permitir Cambio de Tarifa de Lista
Allow Return,Permitir Devolución
Allow Submissions in background job,Permitir Envíos en Trabajo en Segundo Plano
Allow User to Edit Item Discount,Permitir Usuario Editar Descuento de Artículo
Allow user to edit Additional Discount,Permitir Usuario Editar Descuento Adicional
Allow user to edit Rate,Permitir Usuario Editar Tarifa
Always fetch items from server,Siempre Obtener Artículos del Servidor
Amended From,Enmendado De
Apply Customer Discount,Aplicar Descuento de Cliente
Apply For,Aplicar Para
Apply Rule On Brand,Aplicar Regla en Marca
Apply Rule On Item Code,Aplicar Regla en Código de Artículo
Apply Rule On Item Group,Aplicar Regla en Grupo de Artículo
Apply Type,Tipo de Aplicación
Auto Apply,Aplicar Automáticamente
Auto Delete Draft Invoice,Auto Eliminar Factura Borrador
Auto Set Batch,Auto Establecer Lote
Available,Disponible
Balance will be updated when connection is restored,El saldo se actualizará cuando se restaure la conexión
Brand,Marca
CPU Cores,Núcleos de CPU
Calculating,Calculando
Camera access aborted.,Acceso a cámara abortado.
Camera access is required to scan barcodes.,Se requiere acceso a la cámara para escanear códigos de barras.
Camera permission denied. Please allow camera access in your browser settings.,Permiso de cámara denegado. Por favor permita el acceso a la cámara en la configuración del navegador.
Cannot Save Offline Invoice,No se puede guardar factura offline
Cannot Save Offline Invoice:,No se puede guardar factura offline:
Cannot Save Offline Payment,No se puede guardar pago offline
Cannot Save Offline Payment:,No se puede guardar pago offline:
Cash Mode of Payment,Modo de Pago en Efectivo
Cashier,Cajero
Client CPU Lag,Retraso de CPU del Cliente
Client Memory Usage,Uso de Memoria del Cliente
Closed,Cerrado
Closing,Cierre
Connected to Server,Conectado al Servidor
Connections,Conexiones
Cost Center is required,Se requiere Centro de Costos
Create Only Sales Order,Crear Solo Pedidos de Venta
Credit Change,Cambio de Crédito
Current Event Loop Lag,Retraso Actual del Bucle de Eventos
Customer ID,ID de Cliente
Decrease,Disminuir
Default Loyalty Program,Programa de Lealtad Predeterminado
Delivery Date,Fecha de Entrega
Details,Detalles
Detecting formats,Detectando formatos
Device Memory,Memoria del Dispositivo
Disable,Desactivar
Discount Type,Tipo de Descuento
Email Id,ID de Correo
Error accessing camera,Error al acceder a la cámara
Error adding offer to items,Error al agregar oferta a artículos
Error deleting offer from items,Error al eliminar oferta de artículos
Error loading currencies,Error al cargar monedas
Error removing price offer,Error al eliminar oferta de precio
Error submitting invoice,Error al enviar factura
Error submitting invoice No response from server,Error al enviar factura Sin respuesta del servidor
Error submitting invoice:,Error al enviar factura:
Error toggling item details,Error al alternar detalles del artículo
Failed to load items. Please try again.,Error al cargar artículos. Por favor intente de nuevo.
Fixing payment amounts for return invoice,Corregir montos de pago para factura de devolución
For POS Closing Shift Payment Reconciliation,Para Conciliación de Pagos al Cerrar Turno POS
Gender,Género
Give Item Row ID,ID de Fila del Artículo a Dar
Give Product,Producto a Dar
Given Quantity,Cantidad Dada
Go Online/Offline,Conectar/Desconectar
Hide Close Shift,Ocultar Cierre de Turno
Hide Unavailable Items,Ocultar Artículos No Disponibles
Hide Variants Items,Ocultar Variantes de Artículos
Increase,Aumentar
Invalid closing amount,Monto de cierre inválido
Is Offer,Es Oferta
Is Offer Replace For item Row ID,Es Oferta Reemplazo para ID de Fila de Artículo
It is best not to use more than four numbers,Es mejor no usar más de cuatro números
Item Price,Precio del Artículo
Item Rate Should Less Then,La Tarifa del Artículo Debe Ser Menor Que
Item price updated,Precio del artículo actualizado
LOAD SALE,CARGAR VENTA
Light/Dark Mode,Modo Claro/Oscuro
Linked Invoices,Facturas Vinculadas
List Rate,Lista de Tarifas
Loading,Cargando
Loading cache,Cargando caché
Loading database stats,Cargando estadísticas de base de datos
Loading server CPU/memory usage,Cargando uso de CPU/memoria del servidor
Loyalty Point,Punto de Lealtad
Loyalty Point Scheme,Programa de Puntos de Lealtad
MB,MB
Manage your offline transactions,Administrar transacciones offline
Max Amount,Monto Máximo
Max Discount Percentage Allowed,Porcentaje Máximo de Descuento Permitido
Max Quantity,Cantidad Máxima
Min Amount,Monto Mínimo
Min Quantity,Cantidad Mínima
Modes of Payment,Modos de Pago
Multiple Items Found,Múltiples Artículos Encontrados
New Price List Rate,Nueva Tarifa de Lista de Precios
No Item has this barcode,Ningún artículo tiene este código de barras
No camera found on this device.,No se encontró cámara en este dispositivo.
Offer Name,Nombre de la Oferta
Open,Abierto
Opening Balance Details,Detalles de Saldo de Apertura
POS Awesome Advance Settings,Configuración Avanzada de POS Awesome
POS Awesome Settings,Configuración de POS Awesome
POS Closing Shift,Cierre de Turno POS
POS Closing Shift Detail,Detalle de Cierre de Turno POS
POS Closing Shift Taxes,Impuestos de Cierre de Turno POS
POS Closing Shift {} against {} between selected period,Cierre de Turno POS {} contra {} entre el período seleccionado
POS Offer,Oferta POS
POS Offer Detail,Detalle de Oferta POS
POS Offers Detail,Detalle de Ofertas POS
POS Opening Shift,Apertura de Turno POS
POS Opening Shift Detail,Detalle de Apertura de Turno POS
POS Profile {} does not belongs to company {},El Perfil POS {} no pertenece a la empresa {}
POS Shift,Turno POS
POS Transactions,Transacciones POS
Paid Change,Cambio Pagado
Payment Request took too long to respond. Please try requesting for payment again,La solicitud de pago tardó demasiado en responder. Por favor intente de nuevo.
Payment name not found. Cannot open print view.,Nombre de pago no encontrado. No se puede abrir vista de impresión.
Payment request failed,Solicitud de pago fallida
Payment submitted but print function could not be executed. Payment name not found.,Pago enviado pero función de impresión no pudo ejecutarse. Nombre de pago no encontrado.
Peak,Máximo
Peak Memory,Máximo de Memoria
Peak Server,Máximo de Servidor
Period End Date,Fecha de Fin de Período
Period Start Date,Fecha de Inicio de Período
Please configure a POS Profile first,Por favor configure un Perfil POS primero
Please request phone payment or use another payment method,Por favor solicite pago por teléfono o use otro método de pago
Please set the customer's mobile number,Por favor establezca el número de móvil del cliente
Price,Precio
Price Discount Scheme,Esquema de Descuento de Precio
Printed,Impreso
Product Discount Scheme,Esquema de Descuento de Producto
Promo Type,Tipo de Promoción
Qualifying Transaction / Item,Transacción / Artículo Calificador
Quantity and Amount Conditions,Condiciones de Cantidad y Monto
Quick Actions,Acciones Rápidas
Referral Code,Código de Referencia
Replace Cheapest Item,Reemplazar Artículo Más Barato
Replace Same Item,Reemplazar Mismo Artículo
Rounded Total,Total Redondeado
Row ID,ID de Fila
STOCK UOM,UdM de Stock
Sales Invoice,Factura de Venta
Sales Invoice Reference,Referencia de Factura de Venta
Sales Manager,Gerente de Ventas
Sales Master Manager,Gerente Maestro de Ventas
Sales User,Usuario de Ventas
Search by Serial Number,Buscar por Número Serial
Secure context (HTTPS) required for camera access.,Se requiere contexto seguro (HTTPS) para acceso a cámara.
Send invoice to submit after printing,Enviar factura para enviar después de imprimir
Server CPU Usage,Uso de CPU del Servidor
Server Memory Usage,Uso de Memoria del Servidor
Server Uptime,Tiempo de Actividad del Servidor
Set Posting Date,Establecer Fecha de Publicación
Show Template Items,Mostrar Artículos de Plantilla
Size,Tamaño
Slow Queries,Consultas Lentas
Successfully scanned,Escaneado exitosamente
Switched to,Cambiado a
Switched to:,Cambiado a:
Sync All,Sincronizar Todo
Synced,Sincronizado
System Manager,Gerente del Sistema
Tables,Tablas
Taking longer than expected...,Tomando más tiempo de lo esperado...
Tax ID,ID de Impuesto
Title,Título
To Sync,Para Sincronizar
Total Mpesa,Total Mpesa
Total Outstanding,Total Pendiente
Total Payments,Total Pagos
Total Selected,Total Seleccionado
Total Unallocated,Total Sin Asignar
Track recent sales,Rastrear ventas recientes
Transaction,Transacción
Update,Actualizar
Use Browser Local Storage,Usar Almacenamiento Local del Navegador
Use Cashback,Usar Efectivo de Vuelta
Used,Usado
User {} has been disabled. Please select valid user/cashier,El usuario {} ha sido deshabilitado. Por favor seleccione usuario/cajero válido
Valid From,Válido Desde
Valid Upto,Válido Hasta
Waiting for payment,Esperando pago
Warning High cache usage may affect performance.,Advertencia: Uso alto de caché puede afectar el rendimiento.
Warning High lag may indicate heavy processing or browser slowness.,Advertencia: Alto retraso puede indicar procesamiento pesado o lentitud del navegador.
his item,este artículo
ms,ms
Max Discount Percentage Allowed ,Porcentaje Máximo de Descuento Permitido
Price Discount Scheme ,Esquema de Descuento de Precio
Sorry,Lo siento
Tip Clear cache regularly to free up space and keep the app fast.,Consejo: Limpie la caché regularmente para liberar espacio y mantener la aplicación rápida.
Tip Close unused tabs or apps to reduce lag.,Consejo: Cierre pestañas o aplicaciónes no utilizadas para reducir el retraso.
Tip Monitor slow queries and table size for optimal performance.,Consejo: Monitoree consultas lentas y tamaño de tablas para un rendimiento óptimo.
Total Selected ,Total Seleccionado
No matching items in cart,No hay artículos coincidentes en el carrito
Add items from the selector to start building this sale.,Agrega artículos desde el selector para iniciar esta venta.
Try a different search term or clear the cart search.,Prueba otro término de búsqueda o limpia la búsqueda del carrito.
Active sale,Venta activa
Add new customer,Agregar nuevo cliente
Add payment to invoice,Agregar pago a la factura
Additional Discount %,Descuento adicional %
Address Line 2,Dirección línea 2
Address Name,Nombre de dirección
Balance,Saldo
Access,Acceso
Apply Gift Card,Aplicar tarjeta de regalo
Apply Redemption,Aplicar canje
Apply Stored Value,Aplicar valor almacenado
Applying,Aplicando
Applied now,Aplicado ahora
Available Actions,Acciones disponibles
Available Stored Value,Valor almacenado disponible
Auto Allocate Payment Amount,Asignar monto de pago automáticamente
Acknowledge the error to resume scanning.,Confirma el error para reanudar el escaneo.
A POS supervisor is required for this action.,Se requiere un supervisor de POS para esta acción.
Add more value to an existing gift card,Agregar más valor a una tarjeta de regalo existente
Back to {0},Volver a {0}
Barcode / QR Ready,Código de barras / QR listo
Additional Discount is the separate invoice-level discount.,El descuento adicional es el descuento a nivel de factura por separado.
Adjust the quantity or enable negative stock to continue.,Ajusta la cantidad o habilita el stock negativo para continuar.
Allowed UOM is {0},La unidad de medida permitida es {0}
Available Customer Redeemable Balance,Saldo canjeable del cliente disponible
Available customer redeemable balance,Saldo canjeable del cliente disponible
Appearance and user-level preferences for the current session.,Apariencia y preferencias de usuario para la sesión actual.
Applied Stored Value,Valor almacenado aplicado
Apply only the amount you want to redeem on this invoice. The remaining balance stays on the card.,Aplica solo el monto que deseas canjear en esta factura. El saldo restante permanece en la tarjeta.
Auto reconciliation completed after payment submit.,Conciliación automática completada tras enviar el pago.
Auto reconciliation completed. Allocated: {0}{1}. Remaining outstanding: {0}{2}.,Conciliación automática completada. Asignado: {0}{1}. Pendiente restante: {0}{2}.
Awesome Dashboard is disabled for the selected POS Profile.,El Panel Awesome está deshabilitado para el perfil de POS seleccionado.
Awesome Dashboard is unavailable for the selected scope.,El Panel Awesome no está disponible para el alcance seleccionado.
Awesome Dashboard is visible only to POS supervisors.,El Panel Awesome solo es visible para los supervisores de POS.
Background processing did not finish in time.,El procesamiento en segundo plano no terminó a tiempo.
Background processing failed for Invoice {0}: {1},El procesamiento en segundo plano falló para la factura {0}: {1}
Base Paid Amt:,Monto pagado base:
Base Recv Amt:,Monto recibido base:
Base:,Base:
Batch No. Available QTY,No. de lote — Cantidad disponible
Birthday (DD-MM-YYYY),Cumpleaños (DD-MM-AAAA)
Browse,Explorar
Camera constraints not supported by your device. Trying fallback settings...,Tu dispositivo no admite estas restricciones de cámara. Probando configuración alternativa...
Camera is busy or blocked by another app/tab. Close other camera apps and try again.,La cámara está ocupada o bloqueada por otra app/pestaña. Cierra otras apps de cámara e inténtalo de nuevo.
Camera permission denied. Please allow camera access in your browser settings and refresh the page.,Permiso de cámara denegado. Permite el acceso a la cámara en la configuración del navegador y recarga la página.
Camera scanner is locked until the current error is acknowledged,El escáner de cámara está bloqueado hasta confirmar el error actual
Camera started but the video stream did not load in time. Please try again.,La cámara inició pero el video no cargó a tiempo. Inténtalo de nuevo.
Cancel cash movement {0}?,¿Cancelar el movimiento de efectivo {0}?
Cannot add an item with zero or negative quantity.,No se puede agregar un artículo con cantidad cero o negativa.
Cannot redeem gift cards more than invoice total,No se pueden canjear tarjetas de regalo por más del total de la factura
Card health after the last live lookup,Estado de la tarjeta tras la última consulta en vivo
Cart,Carrito
Cash payment cannot be less than invoice total when partial payment is not allowed,El pago en efectivo no puede ser menor al total de la factura cuando no se permite pago parcial
Cashier Access,Acceso de cajero
Cashier PIN,PIN de cajero
Cashier PIN saved successfully.,PIN de cajero guardado correctamente.
Cashier identity and appearance preferences.,Identidad del cajero y preferencias de apariencia.
Categories,Categorías
Change allocation repaired,Asignación de cambio reparada
Change terminal cashier,Cambiar cajero de la terminal
Check Balance,Consultar saldo
Check balance for any card. Supervisors can issue and top up cards here.,Consulta el saldo de cualquier tarjeta. Los supervisores pueden emitir y recargar tarjetas aquí.
Check balance only,Solo consultar saldo
Check live balance before applying redemption,Consultar saldo en vivo antes de aplicar el canje
Check live balance before redemption,Consultar saldo en vivo antes del canje
Checking...,Consultando...
Cheque/Reference Date,Fecha de cheque/referencia
Cheque/Reference No,No. de cheque/referencia
Choose the cashier currently operating this terminal.,Elige el cajero que opera actualmente esta terminal.
Clear Log,Limpiar registro
Clear all barcode items,Limpiar todos los artículos de código de barras
Clear all purchase order items,Limpiar todos los artículos de la orden de compra
Close about dialog,Cerrar el diálogo Acerca de
Close cashier switcher,Cerrar el selector de cajero
Close closing shift dialog,Cerrar el diálogo de cierre de turno
Close column selector,Cerrar el selector de columnas
Close drafts dialog,Cerrar el diálogo de borradores
Close invoice details dialog,Cerrar el diálogo de detalles de factura
Close invoice management,Cerrar la gestión de facturas
Close offline invoices dialog,Cerrar el diálogo de facturas fuera de línea
Close packing list dialog,Cerrar el diálogo de lista de empaque
Close returns dialog,Cerrar el diálogo de devoluciones
Close sales orders dialog,Cerrar el diálogo de órdenes de venta
Close scanner dialog,Cerrar el diálogo del escáner
Collapse item details,Contraer detalles del artículo
Compare interpolation × density on paper,Comparar interpolación × densidad en papel
Confirm PIN,Confirmar PIN
Connection problem while submitting invoice,Problema de conexión al enviar la factura
Connection lost while charging — sale saved on this register,Se perdió la conexión al cobrar — la venta quedó guardada en esta caja
Continue selling,Seguir vendiendo
It will sync by itself as soon as the server answers.,Se sincronizará sola en cuanto el servidor responda.
Connectivity and cached prerequisite status were rechecked.,Se verificó nuevamente la conectividad y el estado de los prerrequisitos en caché.
Conversion Rate,Tipo de cambio
Could not create supplier,No se pudo crear el proveedor
Could not load sales order,No se pudo cargar la orden de venta
Could not submit M-Pesa payment,No se pudo enviar el pago M-Pesa
Create PIN,Crear PIN
Create and load a new prepaid card,Crear y cargar una nueva tarjeta prepagada
Create and preload a new gift card,Crear y precargar una nueva tarjeta de regalo
Create or change your PIN,Crea o cambia tu PIN
Create return from invoice,Crear devolución desde la factura
Current PIN,PIN actual
Current redeemable value on the gift card,Valor canjeable actual en la tarjeta de regalo
Customer Credit Return Active,Devolución de crédito de cliente activa
Customer Group,Grupo de clientes
Customer display was blocked. Please allow pop-ups for this site.,Se bloqueó la pantalla del cliente. Permite las ventanas emergentes para este sitio.
Customer-facing tools and printer setup.,Herramientas de cara al cliente y configuración de impresora.
Daily cashier actions without scrolling.,Acciones diarias del cajero sin desplazarse.
Delete cancelled cash movement {0}?,¿Eliminar el movimiento de efectivo cancelado {0}?
Delete draft invoice,Eliminar factura borrador
Delete draft invoice {0}?,¿Eliminar la factura borrador {0}?
Delete offline invoice,Eliminar factura fuera de línea
Delivered,Entregado
Delivery Charges Rate,Tarifa de cargos de entrega
Delivery Note {0} created,Nota de entrega {0} creada
Delivery note created,Nota de entrega creada
Deployed Bundle:,Paquete desplegado:
Disable offline mode first to recheck live connectivity.,Desactiva primero el modo fuera de línea para verificar la conectividad en vivo.
Discount clarity,Claridad del descuento
Draft source,Origen del borrador
Due {0},Vence {0}
Edit Gift Application,Editar aplicación de tarjeta de regalo
Edit customer,Editar cliente
Email,Correo electrónico
Employee,Empleado
Enter a PIN.,Ingresa un PIN.
Enter the cashier PIN to continue.,Ingresa el PIN del cajero para continuar.
Enter the current PIN first.,Ingresa primero el PIN actual.
"Enter the current PIN, then choose a new one.",Ingresa el PIN actual y luego elige uno nuevo.
Error submitting invoice: No response from server,Error al enviar la factura: Sin respuesta del servidor
Error submitting invoice: {0},Error al enviar la factura: {0}
Expand item details,Expandir detalles del artículo
Failed to load QZ telemetry,No se pudo cargar la telemetría de QZ
Failure rate,Tasa de fallos
Failures,Fallos
Fast cashier actions for active shifts.,Acciones rápidas del cajero para turnos activos.
Fetch HTML,Obtener HTML
Fetch the latest offline prerequisite updates,Obtener las últimas actualizaciones de prerrequisitos fuera de línea
Find a sales order quickly and load it into the current sale.,Encuentra una orden de venta rápidamente y cárgala en la venta actual.
From:,Desde:
Gain,Ganancia
Generate a fresh prepaid card and start it with an opening balance.,Genera una nueva tarjeta prepagada e iníciala con un saldo de apertura.
Generate and install the certificate to allow fully silent printing without trust prompts.,Genera e instala el certificado para permitir impresión totalmente silenciosa sin avisos de confianza.
Generated scale barcode: {0},Código de barras de báscula generado: {0}
Gift Card,Tarjeta de regalo
Gift Card Applied,Tarjeta de regalo aplicada
Gift Card Code,Código de tarjeta de regalo
Gift Card Management,Gestión de tarjetas de regalo
Gift Cards,Tarjetas de regalo
Gift card,Tarjeta de regalo
Gift card amount must be greater than zero.,El monto de la tarjeta de regalo debe ser mayor que cero.
Gift card code is required for redemption,Se requiere el código de la tarjeta de regalo para el canje
Gift card code is required.,Se requiere el código de la tarjeta de regalo.
Gift card issued successfully.,Tarjeta de regalo emitida correctamente.
Gift card loaded successfully.,Tarjeta de regalo cargada correctamente.
Gift card payment,Pago con tarjeta de regalo
Gift card redemption requires an online connection,El canje de tarjeta de regalo requiere conexión en línea
Gift card topped up successfully.,Tarjeta de regalo recargada correctamente.
"Grouped controls for terminal, UI, and session settings.","Controles agrupados para terminal, interfaz y ajustes de sesión."
Hide,Ocultar
Hide Gift Card,Ocultar tarjeta de regalo
Hide search tools,Ocultar herramientas de búsqueda
How this section works,Cómo funciona esta sección
"If stale data remains, open Settings > Offline & Sync and run Rebuild Offline Data again while online.","Si persisten datos desactualizados, abre Ajustes > Fuera de línea y sincronización y ejecuta de nuevo Reconstruir datos fuera de línea mientras estés en línea."
"If the warning persists, open Settings > Offline & Sync, then run Refresh Offline Data or Rebuild Offline Data.","Si la advertencia persiste, abre Ajustes > Fuera de línea y sincronización y ejecuta Actualizar datos fuera de línea o Reconstruir datos fuera de línea."
In stock: {0},En existencia: {0}
Included in settlement,Incluido en la liquidación
Initial Amount,Monto inicial
Inline images,Imágenes en línea
"Inspect cache, sync, and prerequisite status","Inspeccionar el estado de caché, sincronización y prerrequisitos"
Invoice ID,ID de factura
Invoice {0} is Submitted,La factura {0} está enviada
Invoice {0} processed successfully,Factura {0} procesada correctamente
Invoice {0} submission failed,Falló el envío de la factura {0}
Invoice {0} was already submitted,La factura {0} ya estaba enviada
Issue Mode,Modo de emisión
Issue New Card,Emitir nueva tarjeta
Issue Workflow,Flujo de emisión
"Issue, top up, and check","Emitir, recargar y consultar"
Item / Rate Discounts,Descuentos de artículo / tarifa
Item Group,Grupo de artículos
Item and rate discounts are already included in item rates and Net Total.,Los descuentos de artículo y tarifa ya están incluidos en las tarifas de artículo y el Total Neto.
Item {0} added to invoice,Artículo {0} agregado a la factura
Items list stays empty in barcode-first mode,La lista de artículos permanece vacía en modo código de barras primero
Just now,Justo ahora
Keep offline prerequisites healthy and recover stale data safely.,Mantén sanos los prerrequisitos fuera de línea y recupera datos desactualizados de forma segura.
"Language, theme, terminal tools, and session controls.","Idioma, tema, herramientas de terminal y controles de sesión."
Last failure,Último fallo
Last sync: {0} | ok: {1} | failed: {2} | skipped: {3},Última sincronización: {0} | ok: {1} | fallidos: {2} | omitidos: {3}
Load a POS profile and cashier first.,Carga primero un perfil de POS y un cajero.
Loading customers,Cargando clientes
Loading view...,Cargando vista...
Local storage is unavailable. Switching to online-only mode.,El almacenamiento local no está disponible. Cambiando a modo solo en línea.
Lock Screen,Bloquear pantalla
Lookup Workflow,Flujo de consulta
Loss,Pérdida
Low-frequency maintenance and system details.,Mantenimiento de baja frecuencia y detalles del sistema.
Loyalty Program,Programa de lealtad
Make New Payment,Realizar nuevo pago
Manage Cashier PIN,Administrar PIN de cajero
Manage all,Administrar todo
"Manage offline tools, terminal controls, and maintenance from one workspace.","Administra herramientas fuera de línea, controles de terminal y mantenimiento desde un solo espacio."
"Manual codes, barcode scans, and QR scans work in the same field","Los códigos manuales, escaneos de código de barras y escaneos QR funcionan en el mismo campo"
Manual offline mode is enabled,El modo fuera de línea manual está habilitado
Maximum Amount,Monto máximo
Maximum available quantity is {0}. Quantity adjusted to match stock.,La cantidad máxima disponible es {0}. La cantidad se ajustó al stock.
Maximum discount amount for this offer item is {0}.,El monto máximo de descuento para este artículo de oferta es {0}.
Maximum discount percentage for this offer item is {0}%.,El porcentaje máximo de descuento para este artículo de oferta es {0}%.
Maximum offer quantity is {0}. Quantity adjusted to allowed limit.,La cantidad máxima de oferta es {0}. La cantidad se ajustó al límite permitido.
Method,Método
Minimum Amount,Monto mínimo
Minimum allowed rate for this offer item is {0}.,La tarifa mínima permitida para este artículo de oferta es {0}.
New PIN,Nuevo PIN
No Company Selected,Ninguna empresa seleccionada
No QZ printer selected. Open QZ Tray Setup first.,No hay impresora QZ seleccionada. Abre primero la configuración de QZ Tray.
No QZ telemetry events in the window. Print a receipt with QZ Tray active to populate the dashboard.,No hay eventos de telemetría QZ en la ventana. Imprime un recibo con QZ Tray activo para poblar el panel.
No cached gift card balance is available offline.,No hay saldo de tarjeta de regalo en caché disponible fuera de línea.
No camera found on this device. Please ensure your device has a working camera.,No se encontró cámara en este dispositivo. Asegúrate de que tu dispositivo tenga una cámara funcional.
No capability warnings recorded yet.,Aún no se han registrado advertencias de capacidad.
No cashier PIN is set yet. Create one now.,Aún no se ha establecido un PIN de cajero. Crea uno ahora.
No cashier profiles are available for this POS profile yet.,Aún no hay perfiles de cajero disponibles para este perfil de POS.
No change-allocation invoices match the current filters.,Ninguna factura de asignación de cambio coincide con los filtros actuales.
No exact repair match found for this invoice,No se encontró una coincidencia de reparación exacta para esta factura
No offline sync issues recorded yet.,Aún no se han registrado problemas de sincronización fuera de línea.
No records found,No se encontraron registros
No sync trigger has run yet in this session.,Aún no se ha ejecutado ninguna sincronización en esta sesión.
None in window,Ninguno en la ventana
Not available,No disponible
Not checked,No verificado
Not selected,No seleccionado
Offline & Sync,Fuera de línea y sincronización
Offline Capabilities,Capacidades fuera de línea
Offline Queue: {0},Cola fuera de línea: {0}
Offline Status,Estado fuera de línea
Offline data status refreshed,Estado de datos fuera de línea actualizado
Offline diagnostics,Diagnóstico fuera de línea
Offline rebuild guidance,Guía de reconstrucción fuera de línea
Offline restore is unavailable for this session.,La restauración fuera de línea no está disponible para esta sesión.
Offline selling is available with degraded capabilities.,La venta fuera de línea está disponible con capacidades reducidas.
Offline snapshot does not match the current POS state.,La instantánea fuera de línea no coincide con el estado actual del POS.
"Offline, terminal, and system controls","Controles de fuera de línea, terminal y sistema"
Open POS home,Abrir inicio del POS
Open actions menu,Abrir menú de acciones
Open drawer,Abrir cajón
Order ID,ID de orden
Overpayment change deducted: {0},Cambio por sobrepago deducido: {0}
PIN confirmation does not match.,La confirmación del PIN no coincide.
PIN must be 4 to 8 digits.,El PIN debe tener de 4 a 8 dígitos.
POS controls and maintenance,Controles y mantenimiento del POS
POS is running with limited offline prerequisites.,El POS se ejecuta con prerrequisitos fuera de línea limitados.
Page unavailable offline,Página no disponible fuera de línea
Paid (orig):,Pagado (orig):
Paid:,Pagado:
Party Type,Tipo de entidad
Pause terminal until next cashier,Pausar terminal hasta el siguiente cajero
Payment Entry Type,Tipo de entrada de pago
Payment entries processed for Invoice {0},Entradas de pago procesadas para la factura {0}
Payment of {0} received successfully.,Pago de {0} recibido correctamente.
Payment request status could not be retrieved. Please try again,No se pudo obtener el estado de la solicitud de pago. Inténtalo de nuevo
Payment submitted.,Pago enviado.
Pending Sales,Ventas pendientes
Pending count updated from {0} to {1},Conteo pendiente actualizado de {0} a {1}
Pending sales: {0} | Cache usage: {1}%,Ventas pendientes: {0} | Uso de caché: {1}%
Pending: {0},Pendiente: {0}
Pending: {0} | Synced: {1} | Draft: {2},Pendiente: {0} | Sincronizado: {1} | Borrador: {2}
Per-stage p95 (ms),p95 por etapa (ms)
Personal preferences adjust the current cashier experience without changing the active POS route.,Las preferencias personales ajustan la experiencia del cajero actual sin cambiar la ruta de POS activa.
Please make a payment or select a payment,Realiza un pago o selecciona un pago
Please select a party,Selecciona una entidad
Please select a party before reconciling.,Selecciona una entidad antes de conciliar.
Please set the customer,Establece el cliente
Please verify the barcode or check the item,Verifica el código de barras o revisa el artículo
Preparing background sync,Preparando sincronización en segundo plano
"Press OK to continue offline with a warning, or Cancel to retry.","Presiona Aceptar para continuar fuera de línea con una advertencia, o Cancelar para reintentar."
Price List,Lista de precios
Price list rate updated locally only,Tarifa de lista de precios actualizada solo localmente
Print All (9 combos),Imprimir todo (9 combinaciones)
Print invoice,Imprimir factura
Prints (24h),Impresiones (24h)
Processing payment entries for Invoice {0},Procesando entradas de pago para la factura {0}
QZ Test Print (A/B),Impresión de prueba QZ (A/B)
QZ Tray is manually disconnected. Press Connect to enable it again.,QZ Tray está desconectado manualmente. Presiona Conectar para habilitarlo de nuevo.
QZ Tray is not connected. Open QZ Tray Setup first.,QZ Tray no está conectado. Abre primero la configuración de QZ Tray.
QZ Tray — Interpolation A/B Test,QZ Tray — Prueba A/B de interpolación
QZ send,Envío QZ
Quotation submitted,Cotización enviada
Quotation {0} is Submitted,La cotización {0} está enviada
Ready to resume,Listo para reanudar
Rebuild Offline Data,Reconstruir datos fuera de línea
Receive,Recibir
Received:,Recibido:
Rechecking connection,Verificando conexión nuevamente
"Reconnect and open this page once while online, then offline refreshes will be able to restore it.",Reconéctate y abre esta página una vez en línea; luego las actualizaciones fuera de línea podrán restaurarla.
Reconnect online to refresh cached offline data from the server.,Reconéctate en línea para actualizar los datos fuera de línea en caché desde el servidor.
Recreate local offline prerequisites from scratch,Recrear desde cero los prerrequisitos fuera de línea locales
Recv:,Recibido:
Redeem,Canjear
Redeem / Scan,Canjear / Escanear
Redeem Amount,Monto a canjear
Redeem Mode,Modo de canje
Refresh Offline Data,Actualizar datos fuera de línea
Refund,Reembolso
Release Notes,Notas de la versión
Reload,Recargar
Reload Workflow,Flujo de recarga
Reload customers,Recargar clientes
Remove barcode item,Quitar artículo de código de barras
Remove cached data and reload the POS app,Eliminar datos en caché y recargar la app de POS
Repair Candidate,Candidato de reparación
Repair Change Allocation,Reparar asignación de cambio
Repair requires an online connection,La reparación requiere conexión en línea
Repaired,Reparado
Repairing change allocation,Reparando asignación de cambio
Request ID: {0},ID de solicitud: {0}
Requested route: {0},Ruta solicitada: {0}
Required By,Requerido para
Resource Health,Estado de recursos
Restricted,Restringido
Restricted operational controls for supervisors only.,Controles operativos restringidos solo para supervisores.
Retry route,Reintentar ruta
Sales Order {0} is Submitted,La orden de venta {0} está enviada
Save as POS Profile Default,Guardar como predeterminado del perfil de POS
Save the selected printer as the POS Profile default so it shows automatically on this setup.,Guarda la impresora seleccionada como predeterminada del perfil de POS para que aparezca automáticamente en esta configuración.
Saved as draft because: {0},Guardado como borrador porque: {0}
Saving...,Guardando...
Scale barcode settings are not configured. Using item barcode only.,La configuración de código de barras de báscula no está definida. Usando solo el código de barras del artículo.
Scale template barcode is missing for this item/UOM. Using item barcode only.,Falta el código de barras de plantilla de báscula para este artículo/UM. Usando solo el código de barras del artículo.
Scan a barcode or type to search,Escanea un código de barras o escribe para buscar
Scan an existing card and top it up without leaving the payment flow.,Escanea una tarjeta existente y recárgala sin salir del flujo de pago.
Scan or enter a gift card code to check balance or redeem.,Escanea o ingresa un código de tarjeta de regalo para consultar saldo o canjear.
Scan or paste the card code below.,Escanea o pega el código de la tarjeta a continuación.
Scan with camera,Escanear con cámara
Scan-First Flow,Flujo de escaneo primero
Scan-Ready,Listo para escanear
Scanning for: {0},Escaneando: {0}
Search an invoice and continue the return flow without extra steps.,Busca una factura y continúa el flujo de devolución sin pasos adicionales.
"Search, scan or browse item","Buscar, escanear o explorar artículo"
Section failed to load,No se pudo cargar la sección
Secure context (HTTPS or localhost) is required for camera access.,Se requiere un contexto seguro (HTTPS o localhost) para acceder a la cámara.
Secure context (HTTPS) required for camera access. Please use HTTPS to access the camera.,Se requiere un contexto seguro (HTTPS) para acceder a la cámara. Usa HTTPS para acceder a la cámara.
Select a cashier first.,Selecciona primero un cajero.
Select the cashier who is taking over this terminal.,Selecciona el cajero que tomará esta terminal.
Selected,Seleccionado
Selected Payments,Pagos seleccionados
Sensitive actions kept away from quick taps.,Acciones sensibles mantenidas lejos de toques rápidos.
Sent to printer,Enviado a la impresora
Serial No,No. de serie
Serial No QTY,Cantidad de No. de serie
Session,Sesión
Set each cashier PIN in the User form and keep terminal members assigned in POS Profile User.,Establece el PIN de cada cajero en el formulario de Usuario y mantén a los miembros de la terminal asignados en POS Profile User.
Settings in this section update the POS workspace without changing the current route.,Los ajustes de esta sección actualizan el espacio de trabajo del POS sin cambiar la ruta actual.
Shared terminal,Terminal compartida
Show,Mostrar
Show Repair Candidates,Mostrar candidatos de reparación
Show rate info,Mostrar información de tarifa
Show search tools,Mostrar herramientas de búsqueda
Show the active cart on a customer-facing screen,Mostrar el carrito activo en una pantalla de cara al cliente
Showing {0}-{1} of {2},Mostrando {0}-{1} de {2}
Sign out of the current POS session,Cerrar la sesión actual del POS
Source Ex. Rate:,Tipo de cambio origen:
Source Rate:,Tarifa origen:
Standard Rate,Tarifa estándar
Stock is lower than requested,El stock es menor al solicitado
Store as Credit?,¿Guardar como crédito?
Stored Value Source,Origen del valor almacenado
Supervisor Access,Acceso de supervisor
Supervisor Tools,Herramientas de supervisor
Supervisor permissions unlock issuance and reloads,Los permisos de supervisor habilitan la emisión y las recargas
Supplier Group,Grupo de proveedores
Supplier Invoices,Facturas de proveedor
Supplier Name,Nombre del proveedor
Supplier Payments,Pagos a proveedores
Supplier Type,Tipo de proveedor
Switch Cashier,Cambiar cajero
Switch the POS appearance theme,Cambiar el tema de apariencia del POS
Sync Offline Cash Movements ({0}),Sincronizar movimientos de efectivo fuera de línea ({0})
Sync Offline Sales,Sincronizar ventas fuera de línea
Synced {0} offline cash movement(s).,Se sincronizaron {0} movimiento(s) de efectivo fuera de línea.
Syncing items in background,Sincronizando artículos en segundo plano
System / Diagnostics,Sistema / Diagnóstico
"System actions are low-frequency maintenance controls such as app info, support diagnostics, and session controls.","Las acciones del sistema son controles de mantenimiento de baja frecuencia como información de la app, diagnóstico de soporte y controles de sesión."
Tap the button below to redeem a gift card during checkout.,Toca el botón de abajo para canjear una tarjeta de regalo durante el cobro.
Target Ex. Rate:,Tipo de cambio destino:
Target Rate:,Tarifa destino:
Terminal & Devices,Terminal y dispositivos
Terminal locked,Terminal bloqueada
"Terminal tools affect this checkout station, customer-facing displays, and future printer/device controls.","Las herramientas de terminal afectan esta estación de cobro, las pantallas de cara al cliente y los futuros controles de impresora/dispositivo."
Territory,Territorio
The quantity for {0} has been adjusted to the maximum available stock.,La cantidad de {0} se ajustó al stock máximo disponible.
The system could not retrieve the item details. Please try again.,El sistema no pudo obtener los detalles del artículo. Inténtalo de nuevo.
This POS page could not be opened offline because its code was not cached on this terminal yet.,Esta página del POS no se pudo abrir fuera de línea porque su código aún no estaba en caché en esta terminal.
This action now opens inside the settings workspace.,Esta acción ahora se abre dentro del espacio de trabajo de ajustes.
This invoice does not need change-allocation repair,Esta factura no necesita reparación de asignación de cambio
This invoice is already repaired,Esta factura ya está reparada
This return will be saved as customer credit instead of cashback.,Esta devolución se guardará como crédito del cliente en lugar de efectivo.
To:,Para:
Toggle Theme,Alternar tema
Tools,Herramientas
Tools for customer-facing screens and terminal-specific actions.,Herramientas para pantallas de cara al cliente y acciones específicas de la terminal.
Top Up Amount,Monto de recarga
Top Up Card,Recargar tarjeta
Top Up Mode,Modo de recarga
Total Discount,Descuento total
Transaction ID,ID de transacción
Try another source or refresh the list.,Prueba otro origen o actualiza la lista.
Unable to access camera even with basic settings. Please check your camera permissions and device compatibility.,No se pudo acceder a la cámara ni con la configuración básica. Revisa los permisos de cámara y la compatibilidad del dispositivo.
Unable to add offer item {0}. Please refresh and try again.,No se pudo agregar el artículo de oferta {0}. Actualiza e inténtalo de nuevo.
Unable to fetch documents,No se pudieron obtener los documentos
Unable to issue gift card.,No se pudo emitir la tarjeta de regalo.
Unable to load cashier PIN status.,No se pudo cargar el estado del PIN de cajero.
Unable to load document,No se pudo cargar el documento
Unable to load gift card balance.,No se pudo cargar el saldo de la tarjeta de regalo.
Unable to load parked order,No se pudo cargar la orden en espera
Unable to prepare document,No se pudo preparar el documento
Sale is still processing — the ticket will print once it is confirmed.,La venta sigue procesándose — el ticket se imprimirá al confirmarse.
Unable to print submitted invoice,No se pudo imprimir la factura enviada
Unable to process document action,No se pudo procesar la acción del documento
Unable to repair change allocation,No se pudo reparar la asignación de cambio
Unable to save cashier PIN.,No se pudo guardar el PIN de cajero.
Unable to save the rate to the backend price list,No se pudo guardar la tarifa en la lista de precios del servidor
Unable to submit invoice,No se pudo enviar la factura
Unable to top up gift card.,No se pudo recargar la tarjeta de regalo.
Unable to verify cashier PIN.,No se pudo verificar el PIN de cajero.
Unallocated:,Sin asignar:
Unavailable,No disponible
Unlock POS,Desbloquear POS
"Unselected payments stay unallocated first, then auto reconcile after submit.","Los pagos no seleccionados quedan sin asignar primero, luego se concilian automáticamente tras enviar."
Update PIN,Actualizar PIN
Updates and app info that stay out of the cashier flow.,Actualizaciones e información de la app que se mantienen fuera del flujo del cajero.
Use Cashier,Usar cajero
Use Customer Balance,Usar saldo del cliente
Use a 4 to 8 digit PIN for cashier switching and terminal unlock.,Usa un PIN de 4 a 8 dígitos para cambiar de cajero y desbloquear la terminal.
"Use one field for manual code entry, barcode scans, or QR scans.","Usa un solo campo para entrada manual de códigos, escaneos de código de barras o escaneos QR."
"Use one workflow for balance checks, new issuance, and top ups without leaving POS.","Usa un solo flujo para consultas de saldo, nueva emisión y recargas sin salir del POS."
"Use this section when cached prerequisite data needs a refresh, rebuild, or diagnostics review.","Usa esta sección cuando los datos de prerrequisitos en caché necesiten actualización, reconstrucción o revisión de diagnóstico."
Valid until,Válido hasta
View Data Diagnostics,Ver diagnóstico de datos
View all,Ver todo
View app information and current build details,Ver información de la app y detalles de la compilación actual
View invoice details,Ver detalles de la factura
View restricted POS insights,Ver información restringida del POS
Window,Ventana
Window: last 24 hours,Ventana: últimas 24 horas
Workflow,Flujo
Write off amount cannot exceed the POS profile maximum of {0},El monto de cancelación no puede exceder el máximo del perfil de POS de {0}
Write off amount exceeds the allowed limit ({0}). Please add payment for the remaining amount.,El monto de cancelación excede el límite permitido ({0}). Agrega un pago por el monto restante.
{0} (Qty: {1}),{0} (Cant.: {1})
{0} actions,{0} acciones
{0} offline invoice{1} pending,{0} factura{1} fuera de línea pendiente{1}
{0} offline invoice{1} saved as draft,{0} factura{1} fuera de línea guardada{1} como borrador
{0} offline invoice{1} synced,{0} factura{1} fuera de línea sincronizada{1}
{0}d ago,hace {0}d
{0}h ago,hace {0}h
{0}m ago,hace {0}m
Do you want to proceed?,¿Deseas continuar?
Shift from a previous day is still open,Sigue abierto un turno de un día anterior
Close it now to start today's shift. Sales are blocked until it is closed.,Ciérralo ahora para iniciar el turno de hoy. Las ventas están bloqueadas hasta cerrarlo.
Close it and open a new shift to keep the day's cash reconciliation clean.,Ciérralo y abre un turno nuevo para mantener limpio el corte de caja del día.
"This POS shift was opened on {0} and must be closed before selling today. Use Close Shift, then open a new shift.","Este turno de POS se abrió el {0} y debe cerrarse antes de vender hoy. Usa Cerrar Turno y luego abre un turno nuevo."
Draft Invoices Block Closing,Borradores bloquean el cierre
{0} — draft by {1} ({2}),{0} — borrador de {1} ({2})
"This shift still has {0} draft invoice(s) that would be stranded by closing:<br>{1}<br>Submit or delete them first — a supervisor can see them in Invoice Management. (Profiles with 'Allow Delete' enabled purge drafts automatically at close.)","Este turno aún tiene {0} factura(s) en borrador que quedarían huérfanas al cerrar:<br>{1}<br>Primero valídalas o elimínalas — un supervisor puede verlas en Gestión de Facturas. (Los perfiles con 'Permitir Eliminar' purgan los borradores automáticamente al cerrar.)"
Draft invoices block closing,Borradores bloquean el cierre
Submit or delete these drafts first — a supervisor can see them in Invoice Management:,Primero valida o elimina estos borradores — un supervisor puede verlos en Gestión de Facturas:
1 draft invoice on this shift will be DELETED when the shift closes.,1 factura en borrador de este turno se ELIMINARÁ al cerrar el turno.
draft invoices on this shift will be DELETED when the shift closes.,facturas en borrador de este turno se ELIMINARÁN al cerrar el turno.
Draft Invoices,Facturas en Borrador
Pending drafts on this shift — submit or delete before closing,Borradores pendientes en este turno — valídalos o elimínalos antes de cerrar
No pending drafts,Sin borradores pendientes
Force Closing Stale Shifts,Forzar cierre de turnos atrasados
Block sales into a shift opened on a previous day until it is closed.,Bloquea ventas en un turno abierto un día anterior hasta que se cierre.
Invoice discount could not be applied,No se pudo aplicar el descuento de la factura
Transaction-level pricing rules failed on the server. Review the total before charging.,Las reglas de precio a nivel factura fallaron en el servidor. Revisa el total antes de cobrar.
Unknown invoice,Factura desconocida
Pending Charges,Cobros pendientes
Bill repairs and external requests,Cobra reparaciones y solicitudes externas
No pending charges. Requests from repairs and other modules appear here.,Sin cobros pendientes. Las solicitudes de reparaciones y otros módulos aparecen aquí.
Could not load pending charges.,No se pudieron cargar los cobros pendientes.
Could not load this charge request.,No se pudo cargar esta solicitud de cobro.
Server returned no invoice for this request.,El servidor no devolvió factura para esta solicitud.
Charge loaded,Cobro cargado
charge it like any sale; the request completes automatically on payment.,cóbralo como cualquier venta; la solicitud se completa automáticamente al pagar.
Charge request completed,Solicitud de cobro completada
Charge request not marked as charged,Solicitud de cobro no marcada como cobrada
"The sale went through, but request","La venta se realizó pero la solicitud"
is still Open. A supervisor must mark it charged with invoice,sigue Abierta. Un supervisor debe marcarla como cobrada con la factura
Charge requests are not enabled for this POS Profile.,Las solicitudes de cobro no están habilitadas para este POS Profile.
Charge request {0} is {1} — someone already handled it.,La solicitud de cobro {0} está {1} — alguien ya la atendió.
You need your own open POS shift to load a charge request.,Necesitas tu propio turno POS abierto para cargar una solicitud de cobro.
Unsupported invoice doctype {0}.,Tipo de factura no soportado {0}.
Invoice {0} not found.,No se encontró la factura {0}.
Invoice {0} is not submitted yet.,La factura {0} aún no está validada.
"Invoice {0} belongs to {1}, not to the request's customer {2}.","La factura {0} pertenece a {1}, no al cliente de la solicitud {2}."
Use POS Charge Requests,Usar solicitudes de cobro POS
Show external charge requests (repairs etc.) so cashiers can bill them in their own shift.,"Muestra solicitudes de cobro externas (reparaciones, etc.) para que el cajero las cobre en su propio turno."
"This request was already charged with invoice {0} — it has now been marked as completed. Do not charge it again.","Esta solicitud ya fue cobrada con la factura {0} — se marcó como completada. No la cobres de nuevo."
"Charge request {0} is already being charged by {1} (draft {2}). Coordinate before charging it twice.","La solicitud {0} ya la está cobrando {1} (borrador {2}). Coordínense antes de cobrarla dos veces."
Could not close shift,No se pudo cerrar el turno
Could not prepare closing shift.,No se pudo preparar el cierre del turno.
Close-shift failed.,Falló el cierre del turno.
Close-shift ticket print failed,No se imprimió el ticket de cierre
Shift was closed correctly. Re-print from Desk if needed.,El turno se cerró correctamente. Reimprímelo desde el Escritorio si hace falta.
POS Shift Closed,Turno POS cerrado
Customer Credit Redeemed,Crédito de Cliente Canjeado
Customer Credit Used,Crédito de Cliente Usado
Remaining Customer Credit Balance,Saldo Restante de Crédito del Cliente
Silent print failed — using browser print,Impresión silenciosa falló — usando navegador
QZ Tray unreachable,QZ Tray inaccesible
Printer Type,Tipo de Impresora
Label Stock,Tipo de Etiqueta
Width (mm),Ancho (mm)
Height (mm),Alto (mm)
Margin (mm),Margen (mm)
Gap (mm),Separación (mm)
Include Shop Name,Incluir Nombre de la Tienda
Show Barcode Number,Mostrar Número de Código
{0} — {1} per page,{0} — {1} por hoja
{0} — one per label,{0} — una por etiqueta
Sheet (A4 / Letter),Hoja (A4 / Carta)
Thermal roll,Rollo térmico
Die-cut / custom,Troquelada / personalizada
A4 3 x 7 (21 labels),A4 3 x 7 (21 etiquetas)
A4 3 x 8 (24 labels),A4 3 x 8 (24 etiquetas)
A4 4 x 11 (44 labels),A4 4 x 11 (44 etiquetas)
A4 2 x 5 (10 large labels),A4 2 x 5 (10 etiquetas grandes)
Letter 3 x 7 (21 labels),Carta 3 x 7 (21 etiquetas)
Letter 3 x 8 (24 labels),Carta 3 x 8 (24 etiquetas)
Letter 4 x 10 (40 labels),Carta 4 x 10 (40 etiquetas)
Roll 58 x 40 mm,Rollo 58 x 40 mm
Roll 58 x 30 mm,Rollo 58 x 30 mm
Roll 80 x 50 mm,Rollo 80 x 50 mm
Roll 80 x 40 mm (2 across),Rollo 80 x 40 mm (2 por fila)
Die-cut 50 x 25 mm (2 across),Troquelada 50 x 25 mm (2 por fila)
Die-cut 40 x 30 mm,Troquelada 40 x 30 mm
Die-cut 30 x 20 mm (jewelry),Troquelada 30 x 20 mm (joyería)
Custom size,Medida personalizada
Sale details,Detalles de venta
No customer,Sin cliente
Print status — open Printer Setup,Estado de impresión — abre Configuración de Impresora
Printer Setup,Configuración de impresora
Download for Windows,Descargar para Windows
Download for Linux,Descargar para Linux
Ready to print,Listo para imprimir
Needs attention,Requiere atención
Not ready,No está listo
Failed to download the QZ Tray installer.,No se pudo descargar el instalador de QZ Tray.
Connected to QZ Tray.,Conectado a QZ Tray.
Certificate downloaded.,Certificado descargado.
Failed to download certificate.,No se pudo descargar el certificado.
No printers found. Make sure QZ Tray is running.,No se encontraron impresoras. Verifique que QZ Tray esté abierto.
Failed to discover printers.,No se pudieron detectar las impresoras.
Selected printer saved as the POS Profile default.,Impresora seleccionada guardada como predeterminada del Perfil POS.
Failed to save POS Profile printer.,No se pudo guardar la impresora del Perfil POS.
Printer confirmed. This terminal is ready.,Impresora confirmada. Esta terminal está lista.
Installer available,Instalador disponible
QZ Tray,QZ Tray
QZ Tray connected,QZ Tray conectado
Version,Versión
QZ Tray not connected,QZ Tray no conectado
Receipts print without a confirmation prompt.,Los tickets se imprimen sin pedir confirmación.
No printer selected,Ninguna impresora seleccionada
Choose the receipt printer for this terminal.,Elija la impresora de tickets de esta terminal.
Printer selected,Impresora seleccionada
QZ Tray is up to date,QZ Tray está actualizado
Never tested,Nunca se ha probado
Last test failed,La última prueba falló
The operator reported that nothing printed.,El cajero reportó que no se imprimió nada.
The print window was blocked,Se bloqueó la ventana de impresión
"Allow pop-ups for this site, then reprint the ticket from the menu.",Permita las ventanas emergentes para este sitio y reimprima el ticket desde el menú.
PRINT TEST,PRUEBA DE IMPRESIÓN
"If you can read this, printing works.","Si puede leer esto, la impresión funciona."
Terminal,Terminal
Return to the POS and confirm what you see.,Regrese al POS y confirme lo que ve.
Printing status,Estado de impresión
Check printing and run a test page,Revisar la impresión y hacer una página de prueba
Printer setup,Configuración de impresora
Check again,Volver a comprobar
Print test page,Imprimir página de prueba
Setup assistant,Asistente de configuración
Did the ticket come out?,¿Salió el ticket?
Install QZ Tray,Instalar QZ Tray
No installer has been published for this site yet.,Aún no se ha publicado un instalador para este sitio.
The test page could not be sent to the printer.,No se pudo enviar la página de prueba a la impresora.
"Recorded. Check the hints above, then test again.",Registrado. Revise las indicaciones de arriba y pruebe de nuevo.
No installer published,Sin instalador publicado
"Install QZ Tray manually, or ask support to publish the installer for this site.","Instale QZ Tray manualmente, o pida a soporte que publique el instalador para este sitio."
"Start QZ Tray on this computer, then press Check again.",Abra QZ Tray en esta computadora y luego presione Volver a comprobar.
QZ Tray version unknown,Versión de QZ Tray desconocida
Connect to QZ Tray to compare it against the version this site publishes.,Conéctese a QZ Tray para compararlo con la versión que publica este sitio.
QZ Tray version does not match,La versión de QZ Tray no coincide
Download and reinstall QZ Tray from this panel.,Descargue y reinstale QZ Tray desde este panel.
Signing not checked yet,Firma aún sin comprobar
Certificate signing works,La firma del certificado funciona
Certificate signing failed,Falló la firma del certificado
The site's QZ certificate is missing on the server. Ask support to run Setup QZ Certificate.,Falta el certificado QZ del sitio en el servidor. Pida a soporte que ejecute Setup QZ Certificate.
No printers found,No se encontraron impresoras
"Check that the printer is installed and switched on, then press Check again.","Verifique que la impresora esté instalada y encendida, y presione Volver a comprobar."
Selected printer not found,No se encontró la impresora seleccionada
This printer is not installed on this terminal. Pick one from the list.,Esta impresora no está instalada en esta terminal. Elija una de la lista.
Print a test page to confirm paper actually comes out.,Imprima una página de prueba para confirmar que sí sale papel.
"Check the printer power, cable, paper and selected printer name, then test again.","Revise la corriente, el cable, el papel y el nombre de la impresora seleccionada, y pruebe de nuevo."
Test is out of date,La prueba está desactualizada
Run the test again to confirm this terminal still prints.,Vuelva a hacer la prueba para confirmar que esta terminal sigue imprimiendo.
Test page confirmed,Página de prueba confirmada
Extract the archive: tar xzf <file>,Extraiga el archivo: tar xzf <archivo>
Run the installer: sudo ./install.sh,Ejecute el instalador: sudo ./install.sh
QZ Tray starts automatically and stays in the system tray.,QZ Tray se inicia automáticamente y permanece en la bandeja del sistema.
Unzip the downloaded file.,Descomprima el archivo descargado.
Right-click install.bat and choose «Run as administrator».,Haga clic derecho en install.bat y elija «Ejecutar como administrador».
QZ Tray did not answer. Is it running on this computer?,QZ Tray no respondió. ¿Está abierto en esta computadora?
Looking for QZ Tray on this computer...,Buscando QZ Tray en esta computadora...
QZ Tray is not running on this computer.,QZ Tray no se está ejecutando en esta computadora.
QZ Tray is not installed yet. Install it on this computer to print receipts.,QZ Tray aún no está instalado. Instálelo en esta computadora para imprimir tickets.
I installed it — check,Ya lo instalé — comprobar
Nothing printed. Check these:,No se imprimió nada. Revise lo siguiente:
Is the printer switched on?,¿La impresora está encendida?
Is the cable or network connection in place?,¿El cable o la conexión de red están conectados?
Does the selected printer name match the one on this computer?,¿El nombre de la impresora seleccionada coincide con el de esta computadora?
Is the printer driver installed?,¿El controlador de la impresora está instalado?
Change printer,Cambiar impresora
This terminal is ready to print.,Esta terminal está lista para imprimir.
Set up later,Configurar después
"Installer downloaded. Run it, then press «I installed it».",Instalador descargado. Ejecútelo y luego presione «Ya lo instalé».
No,No
Continue,Continuar
Try again,Intentar de nuevo
Done,Listo
Printing is not ready — open Printer Setup from the menu.,La impresión no está lista — abre Configuración de Impresora desde el menú.
"Once the sale is confirmed, reprint the ticket from the menu: Print Last Invoice.","Cuando se confirme la venta, reimprima el ticket desde el menú: Imprimir Última Factura."
"Rate edit is not permitted for this POS Profile. Line {0} ({1}): {2} vs price-list rate {3}.","No se permite editar el precio en este Perfil de POS. Línea {0} ({1}): {2} vs precio de lista {3}."
"Price list rate mismatch for this POS Profile. Line {0} ({1}): declared {2} vs price-list rate {3}.","El precio de lista no coincide para este Perfil de POS. Línea {0} ({1}): declarado {2} vs precio de lista {3}."
Give back change: {0},Entregue el cambio: {0}
Payment total {0} does not match grand total {1} (difference {2}).,El total pagado {0} no coincide con el total de la factura {1} (diferencia {2}).
Payment total {0} minus change {1} does not match grand total {2} (difference {3}).,El total pagado {0} menos el cambio {1} no coincide con el total de la factura {2} (diferencia {3}).
This sale is being saved from another tab or device. Please try again.,La venta se está guardando desde otra pestaña o dispositivo. Intenta de nuevo.
Sale busy,Venta ocupada
Processing,Procesando
More payment methods,Más métodos de pago
Full breakdown,Ver desglose
Change due,Cambio
Change given,Entregado
Free table,Libre
Occupied,Ocupada
Needs cleaning,Requiere limpieza
Mark clean,Marcar limpia
Open table,Abrir mesa
View order,Ver cuenta
Choose the account to open,Elige la cuenta que quieres abrir
open accounts,cuentas abiertas
This register configuration is invalid. Ask a manager to repair its capability profile.,La configuración de esta caja no es válida. Pide a un encargado que repare su perfil de capacidades.
Add items,Agregar productos
Charge,Cobrar
Add items before charging,Agrega productos antes de cobrar
Send to kitchen,Enviar a cocina
Move,Mover
Move here,Mover aquí
Release,Liberar mesa
More options,Más opciones
Done editing,Listo
Go to,Ir a
Table,Mesa
Tabs,Cuentas abiertas
New tab,Nueva cuenta
Edit floor plan,Editar plano
Fit the whole floor,Ver todo el piso
List view,Ver lista
Plan view,Ver plano
Idle,Espera
Guests,Personas
Opened by,Abrió
Lines,Partidas
seats,lugares
Not sent to the server yet,Aún no se envía al servidor
Every table is busy,Todas las mesas están ocupadas
Nothing waiting to be bussed,Nada por limpiar
Tap a table to open it · outline = free · filled = occupied · red number = waiting for the kitchen,Toca una mesa para abrirla · contorno = libre · rellena = ocupada · número rojo = pendiente de cocina
No tabs without a table — start one with a name on the cup,Sin cuentas sin mesa — abre una con el nombre del cliente
No tables yet — edit your floor plan to add some,Aún no hay mesas — edita el plano para agregarlas
No floors configured for this register,Esta caja no tiene pisos configurados
"Add a floor in the register's setup, then lay out its tables here.","Agrega un piso en la configuración de la caja y acomoda aquí sus mesas."
Nobody seated yet — tap a free table to start a ticket,Sin mesas ocupadas — toca una mesa libre para abrir cuenta
Pick a free table for,Elige una mesa libre para
Add a round,Agregar ronda
Transfer table,Traspasar mesa
Release table,Liberar mesa
Accounts on this table,Cuentas en esta mesa
With the selected account,Con la cuenta seleccionada
This table has more than one account.,Esta mesa tiene más de una cuenta.
They are charged separately — pick the one you mean.,Se cobran por separado — elige de cuál cobrar.
not sent to the kitchen,sin mandar a cocina
Not sent to the kitchen,Sin mandar a cocina
Queued on this device,En cola en este equipo
Waiting to be charged,En espera de cobro
Only once the table is empty,Sólo si está desocupada
Floor now,Salón ahora
Open accounts,Cuentas abiertas
Open in the floor,Abierto en el salón
separate,aparte
informational,informativo
Saved,Guardado
Saving…,Guardando…
Not saved,Sin guardar
Back to the floor,Volver al salón
Tab,Cuenta
Discard cart changes,Descartar cambios
Open account · {0},Cuenta abierta · {0}
No account selected,Ninguna cuenta seleccionada
CHARGE ACCOUNT,COBRAR CUENTA
{0} · {1} lines,{0} · {1} partidas
Table account · {0} lines,Cuenta de mesa · {0} partidas
SAVE · BACK TO FLOOR,GUARDAR · VOLVER AL SALÓN
SEND TO KITCHEN,ENVIAR A COCINA
CHARGE,COBRAR
Cash In (Change Fund),Entrada de Efectivo (Fondo de Cambio)
Submit Cash In,Enviar Entrada de Efectivo
Cash In is disabled for this POS Profile.,La entrada de efectivo está deshabilitada para este perfil POS.
Insufficient safe balance,Saldo insuficiente en la caja fuerte
Insufficient balance in {0}. Recorded balance: {1}. Requested: {2}.,Saldo insuficiente en {0}. Saldo registrado: {1}. Importe solicitado: {2}.
"Cash In takes money from the configured safe. If the cash came from home or another source, ask a manager to record that source and the cash received in the drawer. Otherwise, check for a missing safe deposit before retrying.","Esta entrada retira dinero de la caja fuerte configurada. Si el efectivo vino de casa u otro origen, pide a un encargado que registre ese origen y el efectivo recibido en la caja. Si vino de la caja fuerte, revisa si falta registrar un depósito antes de reintentar."
Cash In moves money from this account into the register drawer.,La entrada de efectivo mueve dinero de esta cuenta al cajón de la caja.
Back Office Cash Account is required for this movement.,Se requiere cuenta de efectivo de oficina para este movimiento.
Source and target accounts cannot be the same for this movement.,Las cuentas de origen y destino no pueden ser iguales para este movimiento.
"Movement Type must be Expense, Deposit or Cash In.","El tipo de movimiento debe ser Gasto, Depósito o Entrada de Efectivo."
Expense Account must be empty for Cash In entries.,La cuenta de gastos debe estar vacía para entradas de efectivo.
Expense — cash out,Gasto — sale efectivo
Deposit — drawer to back office,Depósito — de la caja a la oficina
Cash In — back office to drawer,Entrada — de la oficina a la caja
"Book an expense, send cash to the back office, or bring cash into the drawer.","Registra un gasto, envía efectivo a la oficina o mete efectivo a la caja."
Cash ENTERS the drawer — this shift goes up by {0}.,ENTRA efectivo a la caja — este turno sube {0}.
Cash LEAVES the drawer — this shift goes down by {0}.,SALE efectivo de la caja — este turno baja {0}.
Register Drawer Account (money arrives here),Cuenta de la Caja (aquí llega el dinero)
Register Drawer Account (money leaves here),Cuenta de la Caja (de aquí sale el dinero)
Back Office Cash Account (money comes from here),Cuenta de Efectivo de Oficina (de aquí viene el dinero)
Back Office Cash Account (money goes here),Cuenta de Efectivo de Oficina (aquí llega el dinero)
(not set),(sin definir)
Total to charge · {0} items,Total a cobrar · {0} artículos
Change to give,Cambio a entregar
Still owed,Falta por cubrir
Balance due · order {0},Saldo a pagar · orden {0}
To refund · ticket {0},A devolver · ticket {0}
To recharge · {0} · {1},A recargar · {0} · {1}
Opening float,Fondo inicial
To upload · {0} tickets queued,Por subir · {0} tickets en cola
COLLECT AND CLOSE,COBRAR Y CERRAR
CHARGE AND PRINT,COBRAR E IMPRIMIR
COLLECT AND DELIVER,COBRAR Y ENTREGAR
REFUND {0},DEVOLVER {0}
RECHARGE,RECARGAR
OPEN SHIFT,ABRIR TURNO
CLOSE SHIFT,CERRAR TURNO
KEEP SELLING,SEGUIR VENDIENDO
Register navigation,Navegación de la caja
Shift not open,Turno sin abrir
Needs connection,Necesita conexión
Needs a connection,Necesita conexión
Service Order,Orden de servicio
Floor,Salón
Recharge,Recarga
Top-up,Recarga
Back to sale,Volver a la venta
Open the register first,Abre primero la caja
Not enabled on this register,No habilitado en esta caja
This destination does not exist.,Ese destino no existe.
This register's profile does not include {0}.,El perfil de esta caja no incluye {0}.
"{0} talks to the server every time it runs, so it stays closed until this register is back online.","{0} consulta al servidor cada vez que se usa, así que queda cerrado hasta que la caja vuelva a tener conexión."
The shift is the envelope around everything else. Open it and the whole rail comes alive.,El turno es el sobre de todo lo demás. Ábrelo y el riel completo se enciende.
Catalogue,Catálogo
Close catalogue,Cerrar catálogo
Anchored,Anclado
Floating,Flotante
Esc closes,Esc cierra
Waiting for signal,Espera señal
no signal,sin señal
It uploads by itself when the signal returns,Se sube solo cuando vuelva la señal
Keep selling,Seguir vendiendo
To upload,Por subir
ticket,ticket
tickets,tickets
You can,Sí puedes
Charge and print,Cobrar e imprimir
Charge without printing,Cobrar sin imprimir
Prices and stock,Precios y existencias
Service orders with photos,Órdenes de servicio con fotos
Stamp CFDI,Timbrar CFDI
Airtime recharges,Recargas de tiempo aire
Send by WhatsApp,Enviar por WhatsApp
COMBO,COMBO
saves,ahorra
list,lista
left,quedan
pcs,pzas
Often bought together,Se suele llevar junto
· combos and accessories that go together,· combos y accesorios que salen juntos
Enter adds the first,Enter para agregar el primero
Open cash movement,Abrir movimiento de efectivo
"Expense, deposit or cash in","Gasto, depósito o entrada de efectivo"
Open service orders,Abrir órdenes de servicio
Repairs and external charge requests,Reparaciones y cobros externos
Open recharges,Abrir recargas
Close shift,Corte de caja
Corte de caja,Corte de caja
Open catalogue,Abrir catálogo
Browse items beside the sale,Explorar artículos junto a la venta
Show invoice panel,Mostrar panel de la venta
Focus item search,Ir a buscar artículo
Focus toolbar search,Ir a la búsqueda de la barra
Add top search result,Agregar el primer resultado
Toggle item settings,Mostrar u ocultar ajustes del artículo
Price checker,Checador de precios
Look up a price without touching the sale,Consulta un precio sin tocar la venta
Lock POS screen,Bloquear la pantalla
Show keyboard shortcuts,Ver atajos del teclado
Cycles through cart rows on repeat,Recorre las líneas del carrito al repetir
Edit invoice discount,Editar descuento de la venta
Edit delivery charges,Editar cargos de entrega
Edit posting date,Editar fecha de registro
Focus customer search,Ir a buscar cliente
Select first customer,Elegir el primer cliente
New customer,Cliente nuevo
Switch employee,Cambiar de empleado
Open payment screen,Abrir la pantalla de cobro
Submit sale,Cerrar la venta
Submit sale and print,Cerrar la venta e imprimir
Save draft and clear,Guardar borrador y limpiar
Open draft invoices,Abrir borradores
Open draft orders,Abrir pedidos en borrador
Open returns,Abrir devoluciones
Cancel current sale,Cancelar la venta actual
Remove first cart item,Quitar la primera línea
Shift details,Detalle del turno
{0} lines · {1} pcs,{0} líneas · {1} pzas
last:,último:
Browse catalogue,Explorar catálogo
Last scan resolved to {0},El último escaneo resolvió a {0}
Qty for next item,Cantidad para el siguiente artículo
Quantity for next item — tap to reset,Cantidad para el siguiente artículo — toca para reiniciar
Posts opening stock to,Registra la existencia inicial en
This register has no warehouse — opening stock is unavailable,Esta caja no tiene almacén — no se puede registrar existencia inicial
Opening quantity needs a purchase price — ERPNext values the stock with it.,La cantidad inicial necesita precio de compra — con él se valúa la existencia.
Opening quantity needs a warehouse on this POS Profile.,La cantidad inicial necesita un almacén en este Perfil de POS.
Opening quantity cannot be negative.,La cantidad inicial no puede ser negativa.
Enter a purchase price first,Captura primero el precio de compra
Saldo/recarga requires an online connection,Saldo/recarga necesita conexión
Please verify the barcode or check the item's availability.,Verifica el código de barras o la disponibilidad del artículo.
remaining {0},quedan {0}
Amount off,Descuento por importe
Percent off,Descuento por porcentaje
New total,Nuevo total
Subtotal,Subtotal
discount,descuento
qty,cant
Tap again to remove,Toca otra vez para quitar
Loading records...,Cargando registros...
guests,comensales
"For 'Product Bundle' items, Warehouse, Serial No and Batch No will be considered from the 'Packing List' table. If Warehouse and Batch No are same for all packing items for any 'Product Bundle' item, those values can be entered in the main Item table; values will be copied to 'Packing List' table.","En artículos de tipo «Product Bundle», el almacén, el número de serie y el lote se toman de la tabla «Packing List». Si el almacén y el lote son los mismos para todos los componentes de un «Product Bundle», pueden capturarse en la tabla principal de artículos; los valores se copian a «Packing List»."
Recharge / Service,Recarga / Servicio
"it is not asked, it is checked","no se pregunta, se comprueba"
Optional,Opcional
Not verified,Sin verificar
Required,Necesario
Verified,Verificado
This register cannot open yet:,Esta caja todavía no puede abrir:
"A register does not open when a payment method has no account, the warehouse cannot sell, the ticket format is missing or the trade's data is incomplete. Optional warns; required stops.","Una caja no abre si a una forma de pago le falta cuenta, si el almacén no sirve para vender, si falta el formato del ticket o si al giro le faltan datos. Lo opcional avisa; lo necesario detiene."
Ticket printer,Impresora de tickets
Scanner,Escáner
Scale,Báscula
Cash drawer,Cajón de dinero
Card terminal,Terminal bancaria
Customer display,Pantalla del cliente
{0} tickets,{0} tickets
{0} open drafts,{0} borradores abiertos
+ Cash sales,+ Ventas en efectivo
+ Advances taken,+ Anticipos recibidos
− Withdrawals and payouts,− Retiros y salidas
Drawer count,Conteo del cajón
{0} denominations,{0} denominaciones
= Expected in drawer,= Debe haber
Counted,Contado
entered by hand,capturado a mano
By denominations,Por denominaciones
Derived from the count above,Sale del conteo de arriba
Use the count,Usar el conteo
Enter the total by hand,Capturar el total a mano
One less of {0},Uno menos de {0}
One more of {0},Uno más de {0}
How many of {0},Cuántos de {0}
"Counted total, entered by hand","Total contado, capturado a mano"
To upload by payment method,Por subir por forma de pago
Nothing is lost,Nada se pierde
Storage used on this register,Espacio usado en esta caja
Ticket,Ticket
Customer and contents,Cliente y contenido
1 line,1 línea
{0} lines,{0} líneas
Nothing is waiting to upload,No hay nada por subir
Sales taken on this register stay in this list until the server confirms them.,Las ventas hechas en esta caja se quedan en esta lista hasta que el servidor las confirma.
Everything is saved on this register and uploads by itself as soon as the signal returns. No ticket is lost and nobody has to write anything on paper.,Todo se guarda en esta caja y se sube solo en cuanto vuelva la señal. Ningún ticket se pierde y nadie tiene que apuntar nada en papel.
Retrying…,Reintentando…
Retry now,Reintentar ahora
Sales saved on this register,Ventas guardadas en esta caja
"they upload in order, from the oldest to the newest","se suben en orden, de la más vieja a la más nueva"
and {0} more tickets in the queue,y {0} tickets más en la cola
1 sale could not be uploaded,1 venta no se pudo subir
{0} sales could not be uploaded,{0} ventas no se pudieron subir
1 sale was saved as a draft to review,1 venta se guardó como borrador para revisar
{0} sales were saved as drafts to review,{0} ventas se guardaron como borradores para revisar
open Offline Invoices to retry or export them,abre Facturas fuera de línea para reintentar o exportarlas
No connection,Sin conexión
Back online · {0} still to upload,De vuelta en línea · faltan {0} por subir
Everything is uploaded,Todo está subido
Saved on this register — survives a reload,Guardado en esta caja — aguanta una recarga
"Each sale carries its own id, so a retry cannot bill twice","Cada venta lleva su propio id, así que un reintento no puede cobrar dos veces"
Stock is discounted here while the signal is gone,Las existencias se descuentan aquí mientras no hay señal
from,de
gift card,tarjeta de regalo
Sale summary,Resumen de la venta
Earns,Acumula
with this purchase,con esta compra
Customer points,Puntos del cliente
Customer wallet,Monedero del cliente
lines,líneas
items,artículos
saved,ahorró
Printer ready,Impresora lista
Drawer connected,Cajón conectado
Drawer not connected,Cajón sin conectar
Terminal {0} ready,Terminal {0} lista
Terminal ready,Terminal lista
Choose at least one item to return,Elige al menos un artículo para devolver
Find the sale,Encontrar la venta
Narrow it down,Afinar la búsqueda
The search could not run. Ask a supervisor before trying another way.,La búsqueda no se pudo hacer. Consulta al encargado antes de buscar por otro lado.
No sale matched. Try another way to find it.,Ninguna venta coincide. Prueba con otra forma de encontrarla.
Original sale,Venta original
What the customer is bringing back,Qué regresa el cliente
"the original price, tax and tender are kept","se conserva el precio, el IVA y la forma de pago originales"
To return,A devolver
of,de
Find the sale first and its items will appear here.,Encuentra primero la venta y aquí aparecen sus artículos.
Reason,Motivo
Authorisation,Autorización
On the record,Queda registrado
Returned by,Quién devuelve
Authorised by,Autoriza
Continue the return,Continuar la devolución
not named yet,sin nombrar
not needed,no hace falta
Reason and authorisation,Motivo y autorización
The customer signed the printed return note,El cliente firmó la nota de devolución impresa
By ticket,Por ticket
By item or code,Por artículo o código
By customer,Por cliente
By serial or IMEI,Por serie o IMEI
No ticket,Sin ticket
needs a signature,pide firma
Register check · {0} points,Revisión de la caja · {0} puntos
{0} of {1} verified,{0} de {1} verificados
· {0} optional,· {0} opcional
· {0} not verified,· {0} sin verificar
Mode and branch,Modo y sucursal
The register has not resolved its mode yet,La caja todavía no resuelve su modo
This register's capability profile does not resolve,El perfil de capacidades de esta caja no resuelve
Standard retail register · {0},Caja de mostrador estándar · {0}
Standard retail register,Caja de mostrador estándar
{0} · {1},{0} · {1}
{0},{0}
Warehouse and price list,Almacén y lista de precios
The register's warehouse and price list are not loaded yet,El almacén y la lista de precios de la caja todavía no cargan
No warehouse and no price list on this register,Esta caja no tiene almacén ni lista de precios
This register has no warehouse,Esta caja no tiene almacén
This register has no price list,Esta caja no tiene lista de precios
{0} · {1} · priced items not counted,{0} · {1} · artículos con precio sin contar
"{0} cannot sell · it is a group, disabled or another company's","{0} no puede vender · es grupo, está deshabilitado o es de otra empresa"
{0} · {1} · {2} items with a price,{0} · {1} · {2} artículos con precio
Fiscal posture,Postura fiscal
The register's fiscal configuration is not loaded yet,La configuración fiscal de la caja todavía no carga
Stamping is on but this register has no tax template,El timbrado está activo pero esta caja no tiene plantilla de impuestos
No tax template — cannot tell exempt from unconfigured,Sin plantilla de impuestos — no se distingue exento de sin configurar
{0} · IVA {1} % · {2},{0} · IVA {1} % · {2}
{0} · IVA {1} %,{0} · IVA {1} %
{0} · rate not read,{0} · tasa sin leer
Payment methods and their accounts,Formas de pago con su cuenta
The register's payment methods are not loaded yet,Las formas de pago de la caja todavía no cargan
This register offers no payment method,Esta caja no ofrece ninguna forma de pago
{0} payment methods · accounting accounts not reported,{0} formas de pago · cuentas contables sin reportar
{0} of {1} with an accounting account · {2} cannot post,{0} de {1} con cuenta contable · {2} no puede registrar
{0} · {1} of {1} with an accounting account,{0} · {1} de {1} con cuenta contable
Ticket and document formats,Formatos de ticket y documentos
The register's print formats are not loaded yet,Los formatos de impresión de la caja todavía no cargan
This register has no ticket format,Esta caja no tiene formato de ticket
The ticket format {0} no longer exists,El formato de ticket {0} ya no existe
{0} · {1} · CFDI PDF,{0} · {1} · CFDI PDF
{0} · CFDI PDF,{0} · CFDI PDF
"Scanner, printer, drawer, terminal and display","Escáner, impresora, cajón, terminal y pantalla"
No device reported its state,Ningún dispositivo reportó su estado
"{0} devices, none of them verifiable from here","{0} dispositivos, ninguno verificable desde aquí"
{0} of {1} responding · {2} did not · {3} not verifiable,{0} de {1} responden · {2} no · {3} sin verificar
{0} of {1} responding · {2} did not,{0} de {1} responden · {2} no
{0} of {1} responding · {2} not verifiable,{0} de {1} responden · {2} sin verificar
{0} of {1} responding,{0} de {1} responden
Who sells and who authorises,Quién entra y quién autoriza
The register's roster is not loaded yet,El personal de la caja todavía no carga
{0} sells · nobody checked who authorises,{0} cobra · nadie revisó quién autoriza
{0} sells · nobody on this register can authorise an exception,{0} cobra · nadie en esta caja puede autorizar una excepción
Nobody on this register can authorise an exception,Nadie en esta caja puede autorizar una excepción
{0} sells · {1} authorises,{0} cobra · {1} autoriza
{1} authorises,{1} autoriza
Test sale and its reversal,Venta de prueba y su cancelación
No test sale is recorded for this register,No hay venta de prueba registrada para esta caja
No test sale has been made on this register,No se ha hecho venta de prueba en esta caja
Made and reversed on {0} · left at zero,Hecha y revertida el {0} · quedó en cero
Made and reversed · left at zero,Hecha y revertida · quedó en cero
Ready to work offline,Lista para trabajar sin internet
Offline readiness has not been measured on this device,En este equipo no se ha medido si puede trabajar sin internet
Not cached yet: {0},Todavía no se guarda: {0}
Catalogue and prices cached on this register,Catálogo y precios guardados en la caja
Catalogue and prices cached on this register · {0} MB,Catálogo y precios guardados en la caja · {0} MB
Clear to open,Salida a piso
The register has not checked yesterday's shifts,La caja no ha revisado los turnos de ayer
A shift is still open for this cashier · close it first,Este cajero tiene un turno abierto · ciérralo primero
No shift left open · {0} drafts parked · {1} tickets still to upload,Sin turnos abiertos · {0} borradores colgados · {1} tickets por subir
No shift left open · {0} drafts parked,Sin turnos abiertos · {0} borradores colgados
No shift left open · {0} tickets still to upload,Sin turnos abiertos · {0} tickets por subir
No shift left open · no parked drafts · nothing to upload,Sin turnos abiertos · sin borradores colgados · sin tickets por subir
The internet dropped — keep selling,Se cayó el internet — sigue cobrando
Back online — the queue is emptying itself,De vuelta en línea — la cola se vacía sola
No connection for,Sin conexión desde
Holding sales for,Guardando ventas desde
Waiting,En espera
Uploading,Subiendo
Retrying · attempt {0},Reintentando · intento {0}
Saved as draft — review,Guardada como borrador — revisar
Not uploaded — needs attention,No se subió — necesita atención
Uploaded,Ya subido
Mixed,Mixto
On credit,A crédito
No payment recorded,Sin pago registrado
Printer needs attention,Revisa la impresora
Printer unavailable,Impresora no disponible
Ticket number,Número de ticket
Item code or name,Código o nombre del artículo
"Name, phone or RFC","Nombre, teléfono o RFC"
Serial or IMEI,Serie o IMEI
Did not fit,No le quedó
Arrived faulty,Salió defectuoso
Wrong item,Se equivocó
This register does not accept returns without a ticket.,Esta caja no acepta devoluciones sin ticket.
Name the supervisor who authorises this return.,Nombra al encargado que autoriza esta devolución.
That supervisor is not signed in to this terminal.,Ese encargado no está firmado en esta caja.
Only a supervisor can authorise a return without a ticket.,Sólo un encargado puede autorizar una devolución sin ticket.
Confirm the customer signed the return note.,Confirma que el cliente firmó la nota de devolución.
Say why the goods are coming back.,Di por qué regresa la mercancía.
Within the return window — {0} days left. No authorisation needed.,Dentro del plazo de devolución — quedan {0} días. No necesita autorización.
The return window closed on {0}. A supervisor has to authorise this one.,El plazo de devolución cerró el {0}. Un encargado tiene que autorizar ésta.
This sale has no return window recorded. No authorisation needed.,Esta venta no tiene plazo de devolución registrado. No necesita autorización.
Filter cart lines,Filtrar líneas de la venta
SAT status,Estatus SAT
Generate files,Generar archivos
Send,Enviar
Last stamp attempt failed,El último intento de timbrado falló
The PAC rejected the stamp,El PAC rechazó el timbrado
This invoice was already stamped,Esta factura ya estaba timbrada
Could not generate the CFDI files,No se pudieron generar los archivos del CFDI
CFDI sent to,CFDI enviado a
Could not send the CFDI,No se pudo enviar el CFDI
Send by email,Enviar por correo
This RFC belongs to,Este RFC es de
Use that customer,Usar ese cliente
Generic RFC (público en general): régimen 616 + uso S01 apply.,RFC genérico (público en general): aplican régimen 616 y uso S01.
The código postal must be 5 digits,El código postal debe tener 5 dígitos
RFC,RFC
"As registered with SAT, without SA DE CV suffix","Como está en el SAT, sin el sufijo SA DE CV"
No matching régimen,Ningún régimen coincide
No compatible uso for this régimen,Ningún uso compatible con este régimen
No submitted invoices match this filter.,Ninguna factura emitida coincide con este filtro.
Error,Error
Back to invoice list,Volver a la lista de facturas
"Folio, customer or RFC","Folio, cliente o RFC"
change,cambiar
CFDI ready,CFDI listo
"Customer saved, but the fiscal data was rejected","El cliente se guardó, pero los datos fiscales se rechazaron"
Could not delete the draft — it stays in your drafts,No se pudo borrar el borrador — se queda en tus borradores
Compatible,Compatible
Expected in drawer,Debe haber
{0} % of sales,{0} % de ventas
no sales to compare against,sin ventas con qué comparar
Note on the difference,Nota de la diferencia
mandatory,obligatoria
optional,opcional
A difference over {0} has to be explained before the shift can close.,Una diferencia mayor a {0} se tiene que explicar antes de cerrar el turno.
"Say what happened, in a sentence — this is what a supervisor reads tomorrow.","Di qué pasó, en una frase — esto es lo que el encargado lee mañana."
The note goes on the closing document with the shift.,La nota queda en el corte junto con el turno.
Under {0} a difference is coins. Write a note anyway if you know why.,Abajo de {0} una diferencia es morralla. Aun así escribe la nota si sabes por qué.
"What happened? For example: $25 short on sale B-04801, too much change given at close.","¿Qué pasó? Por ejemplo: faltaron $25 en la venta B-04801, se dio cambio de más al cerrar."
Shift open,Turno abierto
{0} tickets uploaded,{0} tickets subidos
oldest first,de la más vieja primero
{0} ready,{0} listas
Service orders need a connection,Las órdenes de servicio necesitan conexión
The order lives in the workshop's records; the register reads it from the server.,La orden vive en los registros del taller; la caja la lee del servidor.
CFDI,CFDI
"Find an order by folio, IMEI or phone.","Busca una orden por folio, IMEI o teléfono."
Charging a service order needs a connection to the workshop's records.,Cobrar una orden de servicio necesita conexión con los registros del taller.
This order was already invoiced. Check before charging it again.,Esta orden ya se facturó. Revisa antes de volver a cobrarla.
"Folio, IMEI or phone…","Folio, IMEI o teléfono…"
{0} ending {1},{0} terminado en {1}
− Advance,− Anticipo
+ Counter,+ Mostrador
Labour and parts,Mano de obra y refacciones
labour,mano de obra
part,refacción
customer's part,pieza del cliente
no charge,no se cobra
from the counter,de mostrador
same ticket,mismo ticket
IMEI verified,IMEI verificado
IMEI not verified,IMEI sin verificar
IMEI check not recorded,No se registró la revisión del IMEI
{0} photos,{0} fotos
No photos,Sin fotos
Photos not recorded,No se registraron fotos
Not invoiced before,No facturada antes
Already invoiced,Ya facturada
Invoicing history not checked,No se revisó el historial de facturación
{0} d warranty,garantía {0} d
No warranty recorded,Sin garantía registrada
Ready for pickup,Lista
{0} has no note or coin,No hay billete ni moneda de {0}
Prints ticket,Imprime ticket
Payment method,Forma de pago
Decimal point,Punto decimal
Numeric keypad,Teclado numérico
Backspace,Borrar
Split payment,Dividir pago
{0} x {1} labels are too small for this page — text was shrunk to fit. Use fewer rows or columns.,Las etiquetas de {0} x {1} no caben en esta hoja — el texto se encogió para entrar. Usa menos filas o columnas.
Item '{0}' has no barcode,El artículo '{0}' no tiene código de barras
No barcode found for UOM '{0}',No hay código de barras para la unidad '{0}'
Additional discount,Descuento adicional
Lookup only — nothing is added to the sale,Sólo consulta — no se agrega nada a la venta
Searching…,Buscando…
No item found,No se encontró el artículo
Scan or type item / barcode,Escanea o escribe artículo / código
Keyboard shortcuts,Atajos del teclado
Customer credit redemption requires an online connection,El canje de crédito del cliente requiere conexión en línea
"Cannot refund {0} for this return: only {1} was paid on the original invoice. Turn on ""Store as Credit?"" to record it as a credit note that reduces the customer's balance.","No se pueden devolver {0} en esta devolución: sólo se pagaron {1} en la factura original. Activa ""¿Guardar como crédito?"" para registrarlo como nota de crédito que baja el saldo del cliente."
Saldo pouch available,Bolsa de saldo disponible
Left after this top-up,Te queda después de la recarga
Keep typing the number,Sigue escribiendo el número
This number has been topped up on more than one company here,Este número se ha recargado aquí con más de una compañía
Which company?,¿Cuál compañía?
it is charged from your saldo pouch,se cobra de tu bolsa de saldo
Number to top up,Número a recargar
Repeat last,Repetir última
From the customer on screen,Del cliente en pantalla
Today's top-ups,Recargas de hoy
{0} operations,{0} operaciones
{0} top-ups today,{0} recargas hoy
No top-ups yet today,Todavía no hay recargas hoy
Number,Número
Free amount,Otro monto
Recharged here before on {0},Aquí se recargó antes con {0}
Refunded to the pouch,Devuelto a la bolsa
the pouch got it back by itself,la bolsa lo recuperó sola
…,…
Confirming,Confirmando
Not delivered,No entregada
Under review,En revisión
Recharge not added,Recarga no agregada
The reference did not pass validation.,La referencia no pasó la validación.
The register could not validate the reference. Try again.,La caja no pudo validar la referencia. Inténtalo de nuevo.
To recharge,A recargar
To recharge · {0},A recargar · {0}
Purchase Orders,Órdenes de compra
Barcode Labels,Etiquetas de código de barras
Dashboard,Tablero
More,Más
Register tools,Herramientas de la caja
Collect against open invoices,Cobrar facturas pendientes y abonos
Orders to suppliers,Órdenes de compra a proveedores
Print labels from the catalogue,Imprimir etiquetas desde el catálogo
"Balance, issue and top up","Saldo, emisión y recarga"
"Today, the shift and each cashier","El día, el turno y cada cajero"
Received in cash,Recibido en efectivo
Amount received,Recibido
charges,cobra
Exact,Exacto
Applied payments,Pagos aplicados
Nothing tendered yet,Aún no hay pagos aplicados
On closing,Al cerrar
Deducts {0} pcs from stock,Descuenta {0} pzas del inventario
Keyboard,Teclado
Customer tax details,Datos fiscales del cliente
On file for this customer,En el expediente de este cliente
Type the number again,Escribe el número otra vez
The numbers do not match,Los números no coinciden
Sold today,Vendido hoy
Receivable,Por cobrar
Refunded,Devuelto
No sales yet today,Sin ventas todavía hoy
{0} tickets · average {1},{0} tickets · ticket medio {1}
Nothing outstanding,Nada por cobrar
{0} invoices · none overdue,{0} facturas · ninguna vencida
{0} invoices · {1} overdue,{0} facturas · {1} vencidas
No refunds,Sin devoluciones
{0} refunds · all against a ticket,{0} devoluciones · todas con ticket
{0} refunds · {1} with no ticket,{0} devoluciones · {1} sin ticket
From,Desde
To,Hasta
Every date,Todas las fechas
Invoice segments,Secciones de facturas
Customer name,Nombre del cliente
Choose a ticket to see it here,Elige un ticket para verlo aquí
Ticket {0},Ticket {0}
Change to repair,Cambio por reparar
Items · {0} lines,Artículos · {0} líneas
Balance due,Saldo pendiente
Press Enter to read this ticket,Pulsa Enter para leer este ticket
Collect balance,Cobrar saldo
Repair change,Reparar cambio
Hour,Hora
Reading the register…,Leyendo la caja…
Nothing on this list yet,Nada en esta lista todavía
↑↓ moves · Enter opens · Home and End jump,↑↓ recorre · Enter abre · Inicio y Fin saltan
{0} of the {1} loaded,{0} de las {1} cargadas
{0}–{1} of {2},{0}–{1} de {2}
Previous page,Página anterior
Next page,Página siguiente
Shift,Turno
Pending invoices,Pendientes
By date,Por fecha
By amount,Por monto
Draft invoice,Borrador
Returned invoice,Devuelta
Overdue invoice,Vencida
Paid invoice,Pagada
Partly paid invoice,Parcial
Credit note issued,Nota de crédito
Unpaid invoice,Pendiente
Recent,Recientes
Ready to charge,Listas
In progress,En trabajo
Handed over,Entregadas
in Taller,en Taller
Phone,Teléfono
Origin,Origen
open,abrir
Order ready,Lista
It cannot be charged twice,No se puede cobrar dos veces
No charge,Sin cargo
No charge · {0} d,Sin cargo · {0} d
Warranty,Garantía
Advance,Anticipo
No advance,Sin anticipo
from stock,surtida de almacén
ordered in,pedida al proveedor
Find a service order,Buscar una orden de servicio
Service orders are created and worked in Taller. The register only charges them.,Las órdenes se crean y trabajan en Taller. La caja sólo cobra.
Nothing has been handed over yet today.,Todavía no se ha entregado nada hoy.
No service order matches that.,Ninguna orden coincide con eso.
No service order is ready to charge.,No hay órdenes listas por cobrar.
Choose a service order to see what is on it.,Elige una orden para ver qué lleva.
Tech. {0},Téc. {0}
This order carries no lines yet.,Esta orden todavía no lleva conceptos.
{0} h {1} m,{0} h {1} m
{0} m,{0} m
Invoiced {0},Facturada {0}
IMEI {0},IMEI {0}
Could not count the service orders.,No se pudieron contar las órdenes de servicio.
Could not load the service orders.,No se pudieron cargar las órdenes de servicio.
Could not open this service order.,No se pudo abrir esta orden de servicio.
Server returned no invoice for this order.,El servidor no devolvió factura para esta orden.
Service order loaded,Orden cargada
charge it like any sale; the order completes on payment.,cóbrala como cualquier venta; la orden se completa al pagar.
Could not load this service order into the sale.,No se pudo cargar esta orden en la venta.
jan,ene
feb,feb
mar,mar
apr,abr
may,may
jun,jun
jul,jul
aug,ago
sep,sep
oct,oct
nov,nov
dec,dic
Device received,Equipo recibido
Order placed,Pedido levantado
Advance paid,Anticipo pagado
Payment received,Pago recibido
Part fitted from stock,Refacción surtida de almacén
"Part fitted, ordered in",Refacción pedida al proveedor
Customer's own part fitted,Se instaló la pieza del cliente
Part fitted,Refacción instalada
Work started,Empezó el trabajo
Work finished,Terminó el trabajo
Workshop note,Nota del taller
Invoiced,Facturada
Opened,Abierta
Recorded,Registrado
Showing the {0} most recent events,Mostrando los {0} movimientos más recientes
Reading what happened…,Leyendo lo que pasó…
Could not read what happened here.,No se pudo leer lo que pasó aquí.
Nothing has happened on this document yet.,Todavía no pasa nada en este documento.
Nothing has been recorded on this order yet.,Todavía no se registra nada en esta orden.
Nothing has happened on this order yet.,Todavía no pasa nada en este pedido.
What happened,Lo que pasó
history,historial
Close history,Cerrar historial
Last {0} days · up to {1} events,Últimos {0} días · hasta {1} movimientos
Choose a customer on the ticket first.,Elige primero un cliente en el ticket.
Could not read this customer's history.,No se pudo leer el historial de este cliente.
Nothing in this window.,Nada en este periodo.
Lead · {0},Prospecto · {0}
Not in the CRM,Sin registro en el CRM
Last activity {0},Última actividad {0}
Follow up,seguimiento
Asking…,pidiendo…
Follow-up asked for,Seguimiento solicitado
"Today's request was updated — the back office sees one, not two.","Se actualizó la solicitud de hoy — la oficina ve una, no dos."
The back office will pick it up.,La oficina lo tomará desde ahí.
Could not ask for a follow-up,No se pudo pedir el seguimiento
Estimated margin,Margen estimado
Cost incomplete,Costo incompleto
Cost,Costo
{0}'s wallet,Monedero de {0}
Cashback {0}%,Cashback {0} %
{0} deposited · {1} earned,{0} depositados · {1} de cashback
Make a deposit,Depositar
Print card,Imprimir tarjeta
Card printing is not built yet.,La impresión de tarjeta todavía no existe.
Spent at checkout as a means of payment.,Se usa en Cobro como forma de pago.
The deposit lands in this register's count.,El depósito entra al corte de esta caja.
Not on the cashback programme.,Sin programa de cashback.
Activate card,Activar tarjeta
The card is active.,La tarjeta quedó activa.
The card was not activated.,No se activó la tarjeta.
On the next purchase,En la próxima compra
Can pay up to,Puede pagar hasta
Would earn on a {0} purchase,Acumularía en una compra de {0}
Last {0},últimos {0}
No movements yet,Sin movimientos
Paid with the wallet,Pago con monedero
Cashback,Cashback
Cashback spent,Cashback usado
Credit note,Nota de crédito
Deposit to the wallet,Depositar al monedero
Enter an amount greater than zero.,Escribe un monto mayor a cero.
Choose how the customer is paying.,Elige con qué está pagando el cliente.
The wallet has the deposit.,El monedero ya tiene el depósito.
The deposit did not go through.,No se registró el depósito.
Edit details,Editar datos
Customer since {0},cliente desde {0}
Active card,Tarjeta activa
No card,Sin tarjeta
The walk-in customer is not a contact.,Público en General no es un contacto.
Story with the shop,Historia con la tienda
{0} purchases,{0} compras
{0} in total,{0} total
last {0},última {0}
"Last {0} days · the fiscal side lives in Invoices, this is the relationship","Últimos {0} días · lo fiscal vive en Facturas, esto es la relación"
Gift card code,Código de tarjeta
"Scan, type or paste the code · Enter looks it up","Escanea, teclea o pega el código · Enter consulta"
Check,Consultar
Issue new,Emitir nueva
Supervisor,Supervisor
Issue a gift card,Emitir tarjeta de regalo
Leave empty to generate one,Déjalo vacío y generamos uno
Initial amount,Monto inicial
Issue,Emitir
"Scan a printed card to use its own code, or leave it empty and we generate one.","Escanea una tarjeta impresa para usar su código, o déjalo vacío y generamos uno."
Available balance,Saldo disponible
Top up amount,Monto a recargar
Top up,Recargar
Issuing and topping up need a supervisor · checking does not,Emitir y recargar piden supervisor · consultar no
Paying with this card?,¿Cobrar con esta tarjeta?
In Cobro · as a payment method,En Cobro · forma de pago
Issue a card with this code,Emitir tarjeta con este código
Movements of {0},Movimientos de {0}
last {0} · the shift count reconciles against this list,últimos {0} · el corte cuadra contra esta lista
Movement,Movimiento
"The balance lives on the card, not on a customer — whoever brings it, uses it. For value with a name and cashback: customer card.","El saldo vive en la tarjeta, no en un cliente — quien la trae, la usa. Para saldo con nombre y cashback: Tarjeta de cliente."
We could not find card {0},No encontramos la tarjeta {0}
Scan or type a code to see the card,Escanea o teclea un código para ver la tarjeta
issued {0},emitida {0}
by {0},por {0}
Expires {0},Vence {0}
last used {0},último uso {0}
today,hoy
Gift cards need a connection. Reconnect and try again.,Las tarjetas de regalo necesitan conexión. Reconecta e intenta de nuevo.
Gift card {0} issued,Tarjeta {0} emitida
Gift card {0} topped up,Tarjeta {0} recargada
Welcome,Bienvenido
Your items and total appear here,Aquí aparecen tus artículos y tu total
Not linked to a register,Sin conexión con la caja
Your basket,Tu compra
Your purchase,Tu compra
Total to pay,Total a pagar
{0} items,{0} artículos
Saving,Ahorro
you save {0},ahorras {0}
Your change,Tu cambio
Remember your change,No olvides tu cambio
Thank you,Gracias
Thank you for your visit,Gracias por tu visita
This purchase earns you,Con esta compra acumulas
Your card · balance will be {0},Tu tarjeta · tu saldo quedará en {0}
Weigh or set amount,Pesar o poner importe
Type weight,Teclear peso
$ Amount,$ Importe
Net weight on the scale,Peso neto en la báscula
Tray tare,Tara charola
Amount the customer asked for,Importe que pidió el cliente
Add to sale,Agregar a la venta
The tare is heavier than what is on the scale.,La tara pesa más que lo que hay en la báscula.
Nothing left after the tare.,No queda nada después de la tara.
A tare cannot be negative.,La tara no puede ser negativa.
Less than the smallest quantity this register can sell.,Menos de la cantidad mínima que esta caja puede vender.
tare {0},tara {0}
Weighed {0} · gross {1} · {2},Pesado {0} · bruto {1} · {2}
This item has no price on this register.,Este artículo no tiene precio en esta caja.
That amount buys less than the smallest quantity this register can sell.,Ese importe compra menos de la cantidad mínima que esta caja puede vender.
For {0},Por {0}
charged {0},se cobran {0}
Unreadable scale label,Etiqueta de báscula ilegible
"The scale label did not verify — it was read wrong or printed damaged. Scan it again, or weigh the item again.","La etiqueta de báscula no verificó: se leyó mal o se imprimió dañada. Pásala otra vez, o vuelve a pesar el artículo."
The scale label names no item. Re-print it from the scale.,La etiqueta de báscula no nombra ningún artículo. Vuelve a imprimirla desde la báscula.
The scale label carries no weight or price. Weigh the item again.,La etiqueta de báscula no trae peso ni precio. Vuelve a pesar el artículo.
"This item has no price on this register, so the amount on the label cannot be turned into a quantity.","Este artículo no tiene precio en esta caja, así que el importe de la etiqueta no se puede convertir en cantidad."
The label's amount is smaller than the smallest quantity this register can sell.,El importe de la etiqueta es menor que la cantidad mínima que esta caja puede vender.
"No item carries the code {0} that this scale label names. Register the label on the item, or check the scale's item number.","Ningún artículo lleva el código {0} que nombra esta etiqueta de báscula. Registra la etiqueta en el artículo, o revisa el número de artículo en la báscula."
{0} is not sold by weight,{0} no se vende por peso
"Its unit ({0}) only takes whole numbers, so a scale label cannot set its quantity.","Su unidad ({0}) solo acepta números enteros, así que una etiqueta de báscula no puede fijar su cantidad."
unit,unidad
This scale label cannot be read as a quantity,Esta etiqueta de báscula no se puede leer como cantidad
Scale label · {0},Etiqueta de báscula · {0}
Scale label · {0} · {1},Etiqueta de báscula · {0} · {1}
Quotations,Cotizaciones
Valid,Vigente
Expiring,Por vencer
Expired quote,Vencida
Converted,Convertida
Folio,Folio
Due,Vence
Note,Nota
Quoted total,Total cotizado
LOAD INTO THE SALE,CARGAR A LA VENTA
Print / PDF,Imprimir / PDF
Extend validity,Extender vigencia
Folio or customer…,Folio o cliente…
Loading quotations…,Cargando cotizaciones…
Reading the quotation…,Leyendo la cotización…
No quotations in this list.,No hay cotizaciones en esta lista.
Choose a quotation to see what was promised.,Elige una cotización para ver qué se prometió.
quoted price,precio cotizado
list today {0},lista hoy {0}
Already sold,Ya se vendió
Already sold on,Ya se vendió en
"Quotation {0} was billed on {1}.","La cotización {0} se facturó en {1}."
Quotation loaded,Cotización cargada
Quoted prices kept; charge it like any sale.,Se conservan los precios cotizados; cóbrala como cualquier venta.
Priced at today's rates — the quotation had expired.,Con precios de hoy — la cotización estaba vencida.
This quotation expired. It was quoted at,Esta cotización venció. Se cotizó en
and today's prices make it,y con precios de hoy queda en
"This quotation expired. Today's prices are the same, so the total is unchanged at","Esta cotización venció. Los precios de hoy son los mismos, así que el total no cambia:"
↑↓ moves · Enter opens · the quoted price holds while the quotation is valid,↑↓ recorre · Enter abre · se conserva el precio cotizado mientras la cotización esté vigente
Could not load the quotations.,No se pudieron cargar las cotizaciones.
Could not open this quotation.,No se pudo abrir esta cotización.
Could not load this quotation into the sale.,No se pudo cargar esta cotización a la venta.
Could not print this quotation.,No se pudo imprimir esta cotización.
Not built yet,Aún no está hecho
Extending a quotation's validity is not built yet — save a new one instead.,Extender la vigencia aún no está hecho — guarda una cotización nueva.
{0} days left,{0} días
expires today,vence hoy
tomorrow,mañana
expired {0} days ago,venció hace {0} días
Save quotation,Guardar cotización
File this cart as a quotation,Guarda este carrito como cotización
Valid for (days),Vigencia (días)
Note (optional),Nota (opcional)
Quotation saved,Cotización guardada
valid until,vigente hasta
Add at least one item before saving a quotation.,Agrega al menos un artículo antes de guardar una cotización.
Choose a customer first — a quotation is a promise to someone.,Elige primero un cliente — una cotización es una promesa a alguien.
The counter customer cannot hold a quotation. Choose a real customer — a quotation is a promise to someone who can come back for it.,El cliente de mostrador no puede tener una cotización. Elige un cliente real — una cotización es una promesa a alguien que puede volver por ella.
Could not save the quotation.,No se pudo guardar la cotización.
Refund as,Devolver como
The money goes back the way it came in,El dinero regresa por donde entró
"Credited to the customer's balance, spendable on any purchase","Se abona al monedero del cliente, se usa en cualquier compra"
"Credit needs an owner — set a real customer on the sale, or refund in cash.","El saldo necesita dueño — pon un cliente real en la venta, o devuelve en efectivo."
Refund as credit note,Devolver con nota de crédito
"Credited to {0}'s balance — usable on any purchase. Note {1}.","Se abona al monedero de {0} — se usa en cualquier compra. Nota {1}."
Server returned no credit note.,El servidor no devolvió ninguna nota de crédito.
Could not issue the credit note,No se pudo emitir la nota de crédito
"{0}, kept apart · {1} · {2} points","{0}, aparte · {1} · {2} puntos"
Weighed {0},Pesado {0}
Quote,Cotización
Delivery,Entrega
New sale,Venta nueva
Online · synced,En línea · sincronizado
{0} tickets today,{0} tickets hoy
Shift since {0},Turno desde {0}
{0} · shift since {1},{0} · turno desde {1}
Open shift,Turno abierto
To upload · {0},Por subir · {0}
Cash count,Conteo de caja
Receivables,Cobranza
To collect,Por cobrar
Collected today,Cobrado hoy
Overdue invoices,Vencidas
Due soon,Por vencer
All receivables,Todas
Layaway,Apartado
"What is owed, and collecting it","Lo que deben, y cobrarlo"
{0} invoices,{0} facturas
{0} payments,{0} pagos
oldest {0} days,la más vieja {0} días
Invoice total,Total de la factura
On this invoice,En esta factura
and {0} more,y {0} más
Payments received,Pagos recibidos
at the counter,al comprar
Nothing has been paid against this invoice yet.,Todavía no se ha pagado nada de esta factura.
Reading the invoice…,Leyendo la factura…
Has {0} in store credit,Tiene {0} en su monedero
can be applied when collecting,se puede aplicar al cobrar
COLLECT {0},COBRAR {0}
Reminder,Recordatorio
Reminders,Recordatorios
Gentle reminder,Recordatorio amable
Firm reminder,Recordatorio firme
Final notice,Aviso final
Nobody has reminded this customer yet.,Todavía nadie le ha recordado a este cliente.
Each press steps the ladder — at most one step per day.,Cada pulsación sube la escalera — máximo un escalón por día.
Filed as {0}. The back office sees {1} and what is pending on it.,"Quedó como {0}. La oficina ve {1} y lo que queda pendiente."
The escalation log could not be updated — the ladder may show one step behind.,No se pudo actualizar la bitácora de escalamiento — la escalera puede ir un paso atrás.
Reminder filed,Recordatorio enviado
Reminder updated,Recordatorio actualizado
Statement,Estado de cuenta
"The reminder is filed as a CRM follow-up, with the folio and the balance.","El recordatorio queda como seguimiento en el CRM, con folio y pendiente."
Choose an invoice and collect against it — no searching required.,Elige una factura y cóbrala — no hay que buscar nada.
Back to the list,Volver a la lista
Loading…,Cargando…
Showing the first {0} — narrow the list to reach the rest.,Mostrando las primeras {0} — filtra la lista para llegar al resto.
"↑↓ moves · Enter collects · searching refines the list, it is never the way in","↑↓ recorre · Enter cobra · buscar refina la lista, nunca es la puerta de entrada"
Could not read what is owed to this register.,No se pudo leer lo que le deben a esta caja.
Could not open this invoice.,No se pudo abrir esta factura.
Could not file the reminder.,No se pudo enviar el recordatorio.
This invoice has no customer to collect from.,Esta factura no tiene cliente a quién cobrarle.
No CRM on this site,No hay CRM en este sitio
"There is nowhere to file a follow-up, so nothing was recorded.","No hay dónde dejar un seguimiento, así que no se registró nada."
Collection reminder · {0} · {1} pending,Recordatorio de cobro · {0} · {1} pendiente
The back office sees {0} and what is pending on it.,La oficina ve {0} y lo que queda pendiente.
Printing a customer statement is not built yet — this list is the customer's open items.,Imprimir el estado de cuenta todavía no existe — esta lista son las facturas abiertas del cliente.
{0} days ago,hace {0} días
due today,vence hoy
in {0} days,en {0} días
Nothing is overdue. Every invoice on this register is still inside its term.,Nada vencido. Todas las facturas de esta caja están dentro de su plazo.
Nothing falls due in the next 7 days.,Nada vence en los próximos 7 días.
No payments received yet today.,Todavía no se ha cobrado nada hoy.
Nothing is pending payment on this register.,No hay nada por cobrar en esta caja.
Nothing in this list matches what you typed.,Nada en esta lista coincide con lo que escribiste.
Loading receivables...,Cargando cobranza...
{0} has no such value as {1}.,{0} no tiene ningún valor «{1}».
Cobro,Cobro
Service Orders,Órdenes de servicio
All orders,Todas las órdenes
No open shift,Sin turno abierto
There is no open shift on this register to close.,No hay un turno abierto que cerrar en esta caja.
Could not prepare closing,No se pudo preparar el corte
The server returned no closing draft for this shift — try again.,El servidor no devolvió el borrador del corte — inténtalo de nuevo.
Scan barcode,Escanear código
Tap a card to add it,Toca una tarjeta para agregarla
See all {0},Ver los {0}
Combos,Combos
{0} compatible with {1},{0} compatibles con {1}
Tips,Propinas
Tipped sales,Ventas con propina
Sale in progress · {0} items,Venta en curso · {0} artículos
BACK TO SALE,VOLVER A VENTA
Kitchen ticket did not print,La comanda no se imprimió
Split bill,Dividir cuenta
Nothing fired in this service window.,Nada enviado en esta ventana de servicio.
Printing,Imprimiendo
In the kitchen,En cocina
Print failed,Impresión fallida
last 12 h,últimas 12 h
VOID — whole ticket,ANULACIÓN — ticket completo
more,más
failed,fallidos
Comandas,Comandas
Served,Servida
served,servida
Recall,Recuperar
Kitchen display,Pantalla de cocina
Connecting…,Conectando…
This account has no table-service register to watch.,Esta cuenta no tiene un registro con servicio de mesas.
Register,Registro
Station,Estación
Expo — all stations,Expo — todas las estaciones
Watch the kitchen,Ver la cocina
Change station,Cambiar estación
All quiet — nothing on the pass.,Todo tranquilo — nada en el pase.
no paper — cook from the screen,sin papel — cocina desde la pantalla
SERVED,SERVIDA
Everything,Todo
Course,Curso
sent,enviada
Mesa,Mesa
Settles at source,Se liquida en origen
Payment registered,Pago registrado
settled through its source document.,liquidado a través de su documento de origen.
Could not register the payment on the source document.,No se pudo registrar el pago en el documento de origen.
The source document did not confirm the payment.,El documento de origen no confirmó el pago.
Order here,Ordena aquí
Tap to start · pay at the counter,Toca para empezar · paga en caja
Kiosk,Kiosko
This account has no kiosk-enabled register.,Esta cuenta no tiene un registro con kiosko habilitado.
no walk-in customer,sin cliente mostrador
Start over,Empezar de nuevo
PAY AT THE COUNTER,PAGAR EN CAJA
Your order,Tu orden
Keep browsing,Seguir viendo
A name for the order?,¿A nombre de quién?
Confirm order,Confirmar orden
Pay at the counter — say your number.,Paga en caja — di tu número.
The register accepts,La caja acepta
price list,lista de precios
"Adjust the rate, or mark the item as variable-price.","Corrige el precio, o marca el artículo como precio variable."
Pickup board,Tablero de órdenes
This account has no register with an order queue.,Esta cuenta no tiene una caja con fila de órdenes.
Ready — come to the counter,Listas — pasa a caja
"Nothing waiting — your order will appear here.","Nada en espera — tu orden aparecerá aquí."
Delivered orders,Órdenes entregadas
"Yesterday's shift is still open — sales are blocked until you close it.","El turno de ayer sigue abierto — las ventas están bloqueadas hasta hacer el corte."
Close shift now,Hacer corte ahora
New movement,Nuevo movimiento
Movements this shift,Movimientos del turno
No movements this shift yet.,Aún no hay movimientos en este turno.
Expenses and deposits you submit will appear here.,Los gastos y depósitos que registres aparecerán aquí.
Unit price,Precio unitario
Line total,Total de la línea
Remove line,Quitar la línea
Choose a batch,Elige lote
Choose a serial number,Elige número de serie
Choose a batch and a serial number,Elige lote y número de serie
Search batch,Buscar lote
Search serial number,Buscar número de serie
All batches,Todos los lotes
Expiry,Caducidad
Manufactured,Fabricado
Purchased,Comprado
Expired lot,Caducado
Expires today,Caduca hoy
{0} days,{0} días
No stock left,Sin existencia
Already on this ticket,Ya en este ticket
No batches available,Sin lotes disponibles
No serial numbers available,Sin números de serie disponibles
Choose at least one unit,Elige al menos una unidad
{0} selected · {1} pcs,{0} seleccionados · {1} pzas
{0} of {1},{0} de {1}
Add {0},Agregar {0}
Install the app,Instalar la app
"Open the register full screen, like an app","Abre la caja a pantalla completa, como una app"
Add to Home Screen,Añadir a pantalla de inicio
Share → Add to Home Screen puts the register on your phone,Compartir → Añadir a pantalla de inicio deja la caja en tu teléfono
Could not load that screen,No se pudo cargar esa pantalla
Check the connection and try again — your sale is not lost.,Revisa la conexión e inténtalo de nuevo — tu venta no se pierde.
Open the classic cart,Abrir el carrito clásico
Apply {0},Aplicar {0}
The MercadoPago terminal can't be charged while offline.,No se puede cobrar en la terminal MercadoPago sin conexión.
A MercadoPago terminal charge needs a single selected invoice.,El cobro con terminal MercadoPago requiere seleccionar una sola factura.
New account,Nueva cuenta
Serials & batches,Series y lotes
Find a serial or a batch and where it went,Busca una serie o un lote y a dónde fue
Serials,Series
Batches,Lotes
"IMEI, serial, item or customer…","IMEI, serie, artículo o cliente…"
"Batch, item…","Lote, artículo…"
Where · when,Dónde · cuándo
Here,Aquí
In stock,En existencia
Consumed,Consumido
Inactive,Inactivo
Empty,Vacío
Disabled,Deshabilitado
Expires in {0} days,Caduca en {0} días
All warehouses,Todos los almacenes
Showing {0} of {1} · load more,Mostrando {0} de {1} · cargar más
"↑↓ moves · Enter opens · type an IMEI, a batch, an item or a customer","↑↓ mueve · Enter abre · escribe un IMEI, un lote, un artículo o un cliente"
Nothing matches «{0}» in this list.,Nada coincide con «{0}» en esta lista.
Nothing in this list yet.,Todavía no hay nada en esta lista.
Could not search serials and batches.,No se pudo buscar series y lotes.
Could not open this record.,No se pudo abrir este registro.
Not sellable here,No se puede vender aquí
{0} is not in this register's warehouse or catalogue.,{0} no está en el almacén ni en el catálogo de esta caja.
Added to the sale,Agregado a la venta
{0} is on the ticket.,{0} ya está en el ticket.
Copy,Copiar
Copied,Copiado
Could not copy,No se pudo copiar
Sold on {0},Vendido el {0}
Open document,Abrir documento
Last movement,Último movimiento
Sell this unit,Vender esta unidad
In {0} — this register sells from {1}.,Está en {0} — esta caja vende desde {1}.
Same item in stock,Mismo artículo en existencia
No other unit of this item is in stock.,No hay otra unidad de este artículo en existencia.
Sell,Vender
Sell one from this batch,Vender una de este lote
None in {0}.,No hay en {0}.
Where the units are,Dónde están las unidades
No units on any shelf.,No hay unidades en ningún almacén.
No movements recorded.,Sin movimientos registrados.
Pick a serial or a batch to read where it is and where it went.,Elige una serie o un lote para ver dónde está y a dónde fue.
A sold unit shows its ticket and the customer; an in-stock one can go straight onto the sale.,Una unidad vendida muestra su ticket y el cliente; una en existencia puede irse directo a la venta.
Purchase,Compra
Purchase return,Devolución de compra
Issued,Salida
Serial & batch,Serie y lote
{0} of {1} chosen,{0} de {1} elegidos
Chosen,Elegido
Change serial numbers,Cambiar números de serie
Change batch,Cambiar lote
No serial number chosen yet.,Aún no se elige número de serie.
No batch chosen yet.,Aún no se elige lote.
The picker needs the register's cart.,El selector necesita el carrito de la caja.
Stock out,Salida de inventario
Stock in,Entrada de inventario
Cart lines · with a line focused,Líneas del carrito · con una línea enfocada
Edit line discount,Editar descuento de la línea
Jump to the cart lines,Ir a las líneas del carrito
Lands on the last line; the keys below then work on it,Cae en la última línea; las teclas de abajo actúan sobre ella
Previous line,Línea anterior
Next line,Línea siguiente
One more,Uno más
One less,Uno menos
Type the quantity,Escribir la cantidad
Change the price,Cambiar el precio
Line discount %,Descuento % de la línea
Serial or batch,Serie o lote
Opens the picker for a tracked item,Abre el selector de un artículo con serie o lote
Open line details,Abrir detalles de la línea
Back to search,Volver al buscador
Clears the box · type 3* before a term or a scan to add three,Limpia el buscador · escribe 3* antes del término o del escaneo para agregar tres
Cobro · with the pay screen open,Cobro · con la pantalla de cobro abierta
Cobranza · on the receivables screen,Cobranza · en la pantalla de cobranza
Arm the previous method,Elegir el método anterior
Arm the next method,Elegir el método siguiente
"Digits type the amount for the armed method, Enter applies it","Los dígitos escriben el monto del método elegido, Enter lo aplica"
Exact amount on the armed method,Monto exacto en el método elegido
Then Alt+P closes the sale with a ticket,Luego Alt+P cierra la venta con ticket
Back to the sale,Volver a la venta
Open receivables,Abrir cobranza
Cobranza — what customers owe,Cobranza — lo que deben los clientes
Previous invoice,Factura anterior
Next invoice,Factura siguiente
Collect the selected invoice,Cobrar la factura seleccionada
Search a folio or customer,Buscar folio o cliente
From the capture or a detail,Desde la captura o un detalle
The sales shown here are saved on this register. Keep this browser’s data and sign in as the original cashier to upload them when online.,Las ventas que aparecen aquí están guardadas en esta caja. Conserva los datos de este navegador e inicia sesión con el usuario que las registró para enviarlas cuando haya conexión.
Saved work protection,Protección de datos guardados
Request storage protection,Solicitar protección de almacenamiento
Saved work needs ownership review,Hay registros guardados cuyo responsable debe verificarse
Unassigned records are preserved on this device and will not upload under this login. Ask a System Manager to export them and check invoice names and request IDs against the server before replaying. Exporting does not submit or remove records. Do not clear browser data.,Los registros sin usuario asignado se conservan en este dispositivo y no se enviarán con esta sesión. Pide a un administrador del sistema que los exporte y coteje los folios de factura y los identificadores de solicitud con el servidor antes de reenviarlos. Exportar no envía ni elimina registros. No borres los datos del navegador.
Export for recovery,Exportar para recuperación
Storage protection has not been checked.,Aún no se ha verificado la protección del almacenamiento.
Checking browser storage protection…,Verificando la protección del almacenamiento del navegador…
Automatic storage eviction protection is enabled. Keep syncing saved sales; clearing browser data still removes local records.,La protección contra el borrado automático está activada. Sigue sincronizando las ventas guardadas; borrar los datos del navegador elimina los registros locales.
Browser storage may be automatically cleared. Request protection and sync saved sales when online.,El navegador puede borrar automáticamente los datos guardados. Solicita protección y sincroniza las ventas cuando haya conexión.
The browser did not grant storage protection. Saved sales remain on this device; sync them when online and retry protection.,El navegador no concedió protección al almacenamiento. Las ventas guardadas permanecen en este dispositivo; sincronízalas cuando haya conexión y vuelve a solicitar la protección.
This browser cannot confirm storage protection. Sync saved sales when online and do not clear browser data.,Este navegador no puede confirmar la protección del almacenamiento. Sincroniza las ventas guardadas cuando haya conexión y no borres los datos del navegador.
Storage protection could not be checked. Retry and keep saved sales syncing when online.,No se pudo verificar la protección del almacenamiento. Vuelve a intentarlo y sigue sincronizando las ventas guardadas cuando haya conexión.
Saved work could not be checked. Reopen this panel to retry.,No se pudieron revisar los registros guardados. Vuelve a abrir este panel para intentarlo de nuevo.
Sign in before saving work on this register.,Inicia sesión antes de guardar registros en esta caja.
The active POS profile changed. Reopen the original register before saving.,Cambió el perfil de punto de venta activo. Vuelve a abrir la caja original antes de guardar.
This saved work belongs to another session. Sign in to the original cashier and register.,Estos registros guardados pertenecen a otra sesión. Inicia sesión con el usuario y la caja originales.
A System Manager must recover unassigned saved work.,Un administrador del sistema debe recuperar los registros guardados sin usuario asignado.
The signed-in user changed.,Cambió el usuario de la sesión.

The opening shift could not be verified. Reopen the closing dialog.,No se pudo verificar el turno abierto. Vuelve a abrir el cierre de caja.
Cannot close: saved sales or cash movements still need sync or review.,No se puede cerrar: hay ventas o movimientos de caja guardados pendientes de sincronizar o revisar.
Closing is paused,El cierre está en pausa
Saved work could not be verified. Reconnect and retry before closing this shift.,No se pudieron verificar los registros guardados. Reconecta y vuelve a intentarlo antes de cerrar el turno.
Payment amount must be a finite positive number.,El importe del pago debe ser un número positivo y finito.
Only customer and supplier payments are supported.,Solo se admiten pagos de clientes y proveedores.
Payment party was not found.,No se encontró el cliente o proveedor del pago.
Payment reconciliation is not enabled for an authorized POS Profile.,La conciliación de pagos no está habilitada en un perfil de punto de venta autorizado.
Not permitted to access payments for this party and company.,No tiene permiso para consultar los pagos de este cliente o proveedor y esta empresa.
Unsupported payment party or direction.,"El tipo de cliente o proveedor, o la dirección del pago, no son válidos."
Payment account must be an active bank or cash account in this company.,La cuenta del pago debe ser una cuenta bancaria o de caja activa de esta empresa.
Mode of payment is not available on this POS Profile.,La forma de pago no está disponible en este perfil de punto de venta.
Payment request was already recorded with different payment methods or amounts.,La solicitud de pago ya se registró con formas de pago o importes diferentes.
Selected credit note has no available credit.,La nota de crédito seleccionada no tiene crédito disponible.
Selected payment has the wrong payment direction for reconciliation.,El pago seleccionado tiene una dirección incorrecta para la conciliación.
An invoice changed while calculating the refund. Please retry.,Una factura cambió mientras se calculaba la devolución. Vuelve a intentarlo.
Unsupported invoice payment table for a cash refund.,La tabla de pagos de esta factura no admite devoluciones en efectivo.
Cannot determine the original invoice currency conversion for this refund.,No se puede determinar el tipo de cambio de la factura original para esta devolución.
Cannot determine the payment currency conversion for this refund.,No se puede determinar el tipo de cambio del pago para esta devolución.
Unsupported invoice type for a cash refund.,Este tipo de factura no admite devoluciones en efectivo.
"The original invoice must be submitted and match this return's customer, company and currency.","La factura original debe estar confirmada y tener el mismo cliente, empresa y moneda que esta devolución."
A previous return has a different currency; reconcile it before issuing another cash refund.,Una devolución anterior tiene una moneda diferente. Concíliala antes de realizar otra devolución en efectivo.
Cannot refund {0} for this return: only {1} remains refundable on original invoice {2}. Set the paid amount to 0 so the return is recorded as a credit note that reduces the customer's balance.,No se pueden devolver {0}: solo quedan {1} disponibles para devolver de la factura original {2}. Establece el importe pagado en 0 para registrar una nota de crédito que reduzca el saldo del cliente.
Payment request was already recorded with a different payment direction.,La solicitud de pago ya se registró con una dirección de pago diferente.
Selected invoice balance does not match the payment direction.,El saldo de la factura seleccionada no corresponde a la dirección del pago.
Only submitted invoices can receive payments.,Solo las facturas enviadas pueden recibir pagos.
Selected invoice uses a different party account from this payment.,La factura seleccionada usa una cuenta de cliente o proveedor diferente a la de este pago.
Refund exceeds the outstanding credit on the selected invoices.,El reembolso supera el crédito pendiente de las facturas seleccionadas.
This request has already been charged,Esta solicitud ya fue cobrada
Payment recorded; source update pending,Pago registrado; actualización de origen pendiente
Selling terminal,Terminal de venta
This browser owns the shift.,Este navegador tiene asignado el turno.
This shift must be registered to this browser before selling.,Registra este turno en este navegador antes de vender.
Previous-browser sales need manager review before this shift can close. Saved work has not been deleted or reassigned.,Un supervisor debe revisar las ventas de navegadores anteriores antes del cierre. Los registros guardados no se borraron ni se reasignaron.
"Selling is paused after a closing or release attempt. Check the result, then resume only if the shift is still open.",La venta está en pausa después de intentar cerrar o liberar la terminal. Revisa el resultado y reanuda solo si el turno sigue abierto.
I understand previous browsers may still contain unsynced sales and must be checked.,Entiendo que los navegadores anteriores pueden tener ventas sin sincronizar y deben revisarse.
Recovery reason or reconciliation record,Motivo de recuperación o constancia de conciliación
Check terminal status,Revisar estado de la terminal
Register this browser,Registrar este navegador
Sync complete — release terminal,Sincronización completa — liberar terminal
Resume selling,Reanudar ventas
Manager: transfer to this browser,Supervisor: transferir a este navegador
Manager: record completed review,Supervisor: registrar revisión completa
Reconnect to manage this terminal.,Reconecta para administrar esta terminal.
Sync and review all saved sales and cash movements first.,Primero sincroniza y revisa las ventas y los movimientos de caja guardados.
Browser storage is unavailable,El almacenamiento del navegador no está disponible
Allow browser storage and reload before opening this register.,Permite el almacenamiento del navegador y recarga antes de abrir esta caja.
This browser needs terminal registration. Open Offline Status.,Este navegador necesita registrarse como terminal. Abre Estado sin conexión.
This shift is no longer open. Refresh the register.,Este turno ya no está abierto. Actualiza la caja.
This shift belongs to another cashier.,Este turno pertenece a otro cajero.
This shift is assigned to another browser or its registration changed. Saved work is preserved; open Offline Status for recovery.,Este turno está asignado a otro navegador o cambió su registro. Los registros guardados se conservan; abre Estado sin conexión para recuperarlos.
Terminal registration changed before submission. Saved work needs review.,El registro de la terminal cambió antes del envío. Deben revisarse los registros guardados.
Register this browser before changing table orders. Open Offline Status.,Registra este navegador antes de modificar pedidos de mesa. Abre Estado sin conexión.
The terminal and table order must use the same POS profile.,La terminal y el pedido de mesa deben usar el mismo perfil de punto de venta.
Only the shift owner or a POS supervisor can manage this terminal.,Solo el cajero del turno o un supervisor de punto de venta puede administrar esta terminal.
Another browser owns this shift. Release it there or ask a manager to transfer it.,Otro navegador tiene asignado este turno. Libéralo allí o solicita la transferencia a un supervisor.
Review saved work on previous browsers before claiming this legacy shift.,Revisa los registros guardados en navegadores anteriores antes de registrar este turno existente.
Sync and review all saved work before releasing this terminal.,Sincroniza y revisa todos los registros guardados antes de liberar esta terminal.
A POS supervisor must authorize terminal recovery.,Un supervisor de punto de venta debe autorizar la recuperación de la terminal.
Record a recovery reason and acknowledge that previous browsers may still hold unsynced sales.,Registra el motivo de recuperación y confirma que los navegadores anteriores pueden contener ventas sin sincronizar.
Record how previous-browser sales were reconciled or accounted for before allowing closure.,Registra cómo se conciliaron o contabilizaron las ventas de navegadores anteriores antes de permitir el cierre.
Sync and review saved work before resuming this terminal.,Sincroniza y revisa los registros guardados antes de reanudar esta terminal.
A supervisor must review previous-terminal saved work before closing this shift.,Un supervisor debe revisar los registros guardados de la terminal anterior antes de cerrar este turno.
Manage terminal registration through Offline Status; direct field changes are not allowed.,Administra el registro de terminales desde Estado sin conexión; no se permiten cambios directos en los campos.
Open this shift from its selling browser to register the terminal.,Abre este turno desde el navegador de venta para registrar la terminal.
Opening shifts can only be loaded for the signed-in cashier.,Solo pueden cargarse los turnos del cajero que inició sesión.
Manager: review saved sales individually,Gerente: revise cada venta guardada
Existing server invoices will be verified. An unsent sale will post into this open shift using its original request ID:,Se verificarán las facturas existentes en el servidor. Una venta sin enviar se registrará en este turno abierto con su identificador original:
"I reviewed this sale, its customer, collected money and original request ID.","Revisé esta venta, su cliente, el dinero cobrado y su identificador original."
Verify or recover this sale,Verificar o recuperar esta venta
Reconnect to recover saved sales.,Conéctese para recuperar las ventas guardadas.
A POS supervisor must authorize saved-sale recovery.,Un supervisor del punto de venta debe autorizar la recuperación de ventas guardadas.
Review this individual sale and record its recovery reason before posting it.,Revise esta venta individual y registre el motivo de recuperación antes de contabilizarla.
Saved sale has no valid original request ID; export it for manual reconciliation.,La venta guardada no tiene un identificador original válido; expórtela para conciliarla manualmente.
Recover this sale on an open shift of its original company and POS profile.,Recupere esta venta en un turno abierto de su empresa y perfil de punto de venta originales.
This request ID already belongs to a different register.,Este identificador de solicitud ya pertenece a otra caja.
This request ID belongs to a different customer. Saved work remains pending.,Este identificador de solicitud pertenece a otro cliente. El trabajo guardado sigue pendiente.
This saved sale was cancelled on the server. Review the cancellation instead of posting it again.,Esta venta guardada fue cancelada en el servidor. Revise la cancelación antes de volver a registrarla.
Recovered sale is not submitted yet. Saved work remains pending for review.,La venta recuperada aún no está contabilizada. El trabajo guardado sigue pendiente de revisión.
Saved sale is no longer available for recovery.,La venta guardada ya no está disponible para recuperación.
The signed-in user changed. Saved work was preserved.,Cambió el usuario de la sesión. Se conservó el trabajo guardado.
Recovered sale was not verified; its saved record was preserved.,No se verificó la venta recuperada; se conservó su registro guardado.
Saved sale changed during recovery.,La venta guardada cambió durante la recuperación.
This browser must own the shift before saving work. Open Offline Status to register or recover this terminal.,Este navegador debe tener asignado el turno antes de guardar trabajo. Abra Estado sin conexión para registrar o recuperar esta terminal.
This terminal is closing or being released. Reconnect and check its status before saving more work.,Esta terminal se está cerrando o liberando. Conéctese y revise su estado antes de guardar más trabajo.
This historical acknowledgement has no submitted server match. Export it for manual reconciliation.,Esta confirmación histórica no coincide con una factura contabilizada en el servidor. Expórtela para conciliarla manualmente.
A valid selling exchange rate is required to verify this item's price.,Se requiere un tipo de cambio de venta válido para verificar el precio de este artículo.
"Ask a supervisor to sign in on this replacement browser, authorize your shift, then sign back in here. Saved sales remain with their original cashier.",Pida a un supervisor que inicie sesión en este navegador de reemplazo y autorice su turno; después vuelva a iniciar sesión aquí. Las ventas guardadas conservan su cajero original.
Manager: authorize a replacement browser,Gerente: autorizar un navegador de reemplazo
Select the cashier's open shift. Authorization uses this browser; afterward the cashier must sign in here. Previous browsers cannot submit new sales.,Seleccione el turno abierto del cajero. Se autorizará este navegador; después el cajero debe iniciar sesión aquí. Los navegadores anteriores ya no podrán registrar ventas.
Cashier shift,Turno del cajero
Select an open shift,Seleccione un turno abierto
Authorize this browser for the selected cashier,Autorizar este navegador para el cajero seleccionado
This browser is authorized. Sign out and let the selected cashier sign in here. Review saved work before closing their shift.,Este navegador está autorizado. Cierre sesión y permita que el cajero seleccionado inicie sesión aquí. Revise el trabajo guardado antes de cerrar su turno.
Cash movement changed during terminal verification. Refresh and retry.,El movimiento de caja cambió durante la verificación de la terminal. Actualice e intente de nuevo.
Supervisor: authorize a replacement browser,Supervisor: autorizar un navegador de reemplazo
Manage cash movements from the registered POS terminal.,Administre los movimientos de caja desde la terminal registrada del punto de venta.
Company and price-list currencies are required to verify exchange rates.,Se requieren las monedas de la empresa y de la lista de precios para verificar los tipos de cambio.
The return's original invoice does not match its currency or party.,La factura original de la devolución no coincide con su moneda o cliente.
An existing POS draft cannot be moved to another company.,Un borrador existente del punto de venta no se puede mover a otra empresa.
Save the draft in its new currency before submitting payment.,Guarde el borrador en su nueva moneda antes de registrar el pago.
Refund unused advance,Devolver anticipo no utilizado
This refund has a saved request. Check or retry it before starting another.,Esta devolución tiene una solicitud guardada. Verifíquela o reinténtela antes de iniciar otra.
Refund amount,Importe de devolución
Refund reason,Motivo de devolución
Cash or bank payout,Salida de efectivo o banco
Hand out cash only after the refund is confirmed. An uncertain response remains in pending payments.,Entregue el efectivo solo después de confirmar la devolución. Una respuesta incierta permanece en pagos pendientes.
Review refund,Revisar devolución
Check or retry refund,Verificar o reintentar devolución
Confirm refund,Confirmar devolución
Reconnect to refund an unused advance.,Vuelva a conectarse para devolver un anticipo no utilizado.
A valid refund quote is required.,Se requiere una cotización válida de la devolución.
Review the refund before confirming.,Revise la devolución antes de confirmarla.
Multiple pending refunds need review before another refund.,Revise las devoluciones pendientes antes de iniciar otra.
Refund is not confirmed. Check pending payments before handing out cash.,La devolución no está confirmada. Revise los pagos pendientes antes de entregar efectivo.
Review the existing pending refund before starting another.,Revise la devolución pendiente existente antes de iniciar otra.
Refund confirmed: {0} {1},Devolución confirmada: {0} {1}
Payments and advances,Pagos y anticipos
Financial request records can only be changed by the POS transaction processor.,Solo el procesador de transacciones del punto de venta puede modificar los registros de solicitudes financieras.
A valid request ID is required to reconcile or refund an existing payment.,Se requiere un identificador de solicitud válido para conciliar o reembolsar un pago existente.
This financial request ID was already used for different transaction details.,Este identificador de solicitud financiera ya se utilizó para una transacción con datos diferentes.
Only submitted payments and credit notes from this company can be reconciled.,Solo se pueden conciliar pagos y notas de crédito contabilizados de esta empresa.
Selected payment or credit note has no available balance.,El pago o la nota de crédito seleccionados no tienen saldo disponible.
No outstanding invoices are available for this reconciliation.,No hay facturas pendientes disponibles para esta conciliación.
The reconciled balance did not match the requested allocation.,El saldo conciliado no coincide con la asignación solicitada.
Selected credit note does not belong to this party.,La nota de crédito seleccionada no pertenece a este cliente o proveedor.
Selected invoice does not match the reconciliation party type.,La factura seleccionada no corresponde al tipo de cliente o proveedor de la conciliación.
Reconciliation requires submitted invoices using the same party account.,La conciliación requiere facturas contabilizadas que utilicen la misma cuenta del cliente o proveedor.
Selected payment document does not match the party type.,El documento de pago seleccionado no corresponde al tipo de cliente o proveedor.
Unsupported POS payment operation.,Operación de pago no admitida por el punto de venta.
Debit Note,Nota de débito
Invalid advance refund request.,Solicitud de reembolso de anticipo no válida.
"Original payment, customer, register, shift and refund method are required.","Se requieren el pago original, cliente, caja, turno y método de reembolso."
Record a refund reason of 8 to 1000 characters.,Escriba un motivo de reembolso de 8 a 1000 caracteres.
A valid original refund request ID is required.,Se requiere un identificador válido de la solicitud original de reembolso.
This payment method requires provider refund confirmation. Choose a manual cash or bank refund method.,Este método requiere confirmación del reembolso por el proveedor. Seleccione un método manual de efectivo o banco.
This refund payment method is disabled.,Este método de reembolso está deshabilitado.
The refund shift must belong to the selected POS Profile.,El turno del reembolso debe pertenecer al perfil de punto de venta seleccionado.
Configure a bank or cash account for this refund method.,Configure una cuenta de banco o efectivo para este método de reembolso.
Only a submitted customer advance received by the company can be refunded.,Solo se puede reembolsar un anticipo de cliente recibido y confirmado por la empresa.
The original advance belongs to a different customer or company.,El anticipo original pertenece a otro cliente o empresa.
The advance account currency or company no longer matches its original payment.,La moneda o empresa de la cuenta del anticipo ya no coincide con el pago original.
Configure a current buying Currency Exchange rate before refunding this advance.,Configure un tipo de cambio de compra vigente antes de reembolsar este anticipo.
Refund amount has more decimals than the advance currency allows.,El importe del reembolso tiene más decimales de los permitidos por la moneda del anticipo.
Refund amount exceeds the current unused advance balance.,El importe del reembolso supera el saldo actual del anticipo sin utilizar.
The converted refund amount is below the payout currency's smallest unit.,El importe convertido del reembolso es inferior a la unidad mínima de la moneda de pago.
The original advance and refund could not be matched for reconciliation. Nothing was posted.,No se pudo conciliar el anticipo original con el reembolso. No se registró ningún movimiento.
The refund allocation differs from the confirmed amount. Nothing was posted.,La asignación del reembolso difiere del importe confirmado. No se registró ningún movimiento.
The recorded refund changed on the server. Review it before retrying.,El reembolso registrado cambió en el servidor. Revíselo antes de reintentar.
A refund with this request ID already exists without a completed receipt. Review it before retrying.,Ya existe un reembolso con este identificador sin comprobante de finalización. Revíselo antes de reintentar.
The refund payout quote changed. Review the new amount before confirming.,Cambió el importe cotizado del reembolso. Revise el nuevo importe antes de confirmar.
The refund account or amount changed during validation. Nothing was posted.,La cuenta o el importe del reembolso cambió durante la validación. No se registró ningún movimiento.
The remaining advance balance was not reconciled exactly. Nothing was posted.,El saldo restante del anticipo no se concilió exactamente. No se registró ningún movimiento.
Unused advance {0}; refund request {1}; cashier {2}. Reason: {3},Anticipo sin utilizar {0}; solicitud de reembolso {1}; cajero {2}. Motivo: {3}
Advance refund {0}. {1},Reembolso de anticipo {0}. {1}
Money needing attention,Dinero que necesita atención
Check the original transaction before taking payment or issuing a refund again.,Revise la operación original antes de volver a cobrar o entregar un reembolso.
Server records are scoped to the selected register. Local records belong to this browser and cashier.,Los registros del servidor corresponden a la caja seleccionada. Los registros locales pertenecen a este navegador y cajero.
Reconnect to check server records. Saved work on this browser is shown below.,Conéctese para consultar el servidor. Abajo se muestra el trabajo guardado en este navegador.
No pending records found in the sources checked.,No se encontraron registros pendientes en las fuentes consultadas.
This browser,Este navegador
Server record,Registro del servidor
Sources checked,Fuentes consultadas
Saved browser work,Trabajo guardado en el navegador
Server records,Registros del servidor
Checked,Consultado
Could not check,No se pudo consultar
Not enabled or unavailable,No habilitado o no disponible
More records need review. This list is limited; open the source records to review the rest.,Hay más registros por revisar. La lista tiene un límite; abra los registros originales para consultar los demás.
The cashier or register changed. Reopen the exception report.,Cambió el cajero o la caja. Vuelva a abrir el reporte de pendientes.
Some saved browser work could not be read. Keep this browser's data and retry.,No se pudo leer parte del trabajo guardado. Conserve los datos de este navegador y vuelva a consultar.
Some server sources could not be checked. This is not an all-clear report.,No se pudieron consultar algunas fuentes del servidor. Este reporte no confirma que todo esté resuelto.
Server records could not be checked for this register. Refresh or ask a supervisor.,No se pudieron consultar los registros de esta caja. Actualice o solicite ayuda a un supervisor.
Select a POS profile to check server records. A supervisor can review a profile without an open shift.,Seleccione un perfil POS para consultar el servidor. Un supervisor puede revisar un perfil sin turno abierto.
Review the source update. Do not take payment for this order again.,Revise la actualización del documento original. No vuelva a cobrar esta orden.
Review the existing record and its history before retrying. Do not create a replacement transaction.,Revise el registro existente y su historial antes de reintentar. No cree otra operación para sustituirlo.
Open source record,Abrir registro original
Review fiscal document,Revisar documento fiscal
Open payments,Abrir pagos
Open recargas,Abrir recargas
Review terminal and saved work,Revisar terminal y trabajo guardado
Review saved work,Revisar trabajo guardado
Check all saved work of this type,Consultar o reintentar todo el trabajo guardado de este tipo
Saved work could not be checked. Keep the original request and review its status before retrying.,No se pudo consultar el trabajo guardado. Conserve la solicitud original y revise su estado antes de reintentar.
Sign in as the original cashier to review saved work.,Inicie sesión con el cajero original para revisar el trabajo guardado.
Saved work needs review before it can finish.,El trabajo guardado necesita revisión antes de finalizar.
Saved on this browser; server confirmation is still pending.,Guardado en este navegador; falta la confirmación del servidor.
Check the original refund request before handing out cash or starting another refund.,Revise la solicitud de reembolso original antes de entregar efectivo o iniciar otro reembolso.
Keep the original request. Do not enter this transaction again.,Conserve la solicitud original. No vuelva a capturar esta operación.
The saved sale needs a verified server confirmation.,La venta guardada necesita una confirmación verificada del servidor.
Saved sale,Venta guardada
Invoice submission,Envío de factura
Saved payment,Pago guardado
Cash movement,Movimiento de efectivo
Saved order,Orden guardada
Paid order follow-up,Seguimiento de orden cobrada
Payment request,Solicitud de pago
Payment provider,Proveedor de pagos
Fiscal document,Documento fiscal
Money exception,Pendiente de dinero
Invoice submissions,Envíos de facturas
Payment requests,Solicitudes de pago
Fiscal documents,Documentos fiscales
The exception report could not be verified. Refresh to check again.,No se pudo verificar el reporte de pendientes. Actualice para volver a consultar.
A valid POS profile and opening shift are required.,Se requiere un perfil POS y un turno de apertura válidos.
This POS profile is disabled.,Este perfil POS está deshabilitado.
An active opening shift is required to review money exceptions.,Se requiere un turno abierto para revisar los pendientes de dinero.
Not permitted to review money exceptions for this opening shift.,No tiene permiso para revisar los pendientes de dinero de este turno.
Exception list limit must be a whole number.,El límite de la lista de pendientes debe ser un número entero.
Invoice submitted; payment follow-up needs review.,Factura registrada; es necesario revisar el seguimiento del pago.
Saved invoice submission needs review before retrying.,El envío de la factura guardada necesita revisión antes de reintentar.
Payment request needs review; some steps may already be recorded.,La solicitud de pago necesita revisión; algunos pasos podrían estar registrados.
Payment recorded; the source document update failed.,Pago registrado; falló la actualización del documento original.
Payment recorded; the source document update is pending.,Pago registrado; la actualización del documento original está pendiente.
Invoice recorded; fiscal stamping needs review.,Factura registrada; el timbrado fiscal necesita revisión.
Provider transaction is pending; review its existing status before retrying.,La operación del proveedor está pendiente; revise su estado antes de reintentar.
Provider transaction is in progress; review its existing status before retrying.,La operación del proveedor está en curso; revise su estado antes de reintentar.
Provider transaction failed; review the existing transaction.,La operación del proveedor falló; revise la operación existente.
Provider transaction needs manual review; do not create a replacement payment.,La operación del proveedor necesita revisión manual; no cree otro pago para sustituirla.
Payment is not fully confirmed. Keep the original request and review pending payments before retrying.,El pago no está confirmado por completo. Conserve la solicitud original y revise los pagos pendientes antes de reintentar.
Refresh status,Actualizar estado
Last checked,Última consulta
Review the existing provider transaction before collecting again.,Revise la operación existente del proveedor antes de volver a cobrar.
Release draft,Liberar borrador
Release unsubmitted charge draft?,¿Liberar el borrador de cobro sin confirmar?
The draft is retained and cannot collect this retired request. Saved or processing payments must be reviewed first. Reload the current source quote after release.,"El borrador se conserva y ya no podrá cobrar esta solicitud retirada. Primero revise los pagos guardados o en proceso. Después de liberarlo, vuelva a cargar la cotización actual del documento de origen."
Keep draft,Conservar borrador
The cashier or register changed. Reopen pending charges.,Cambió el cajero o la caja. Vuelva a abrir los cobros pendientes.
Reconnect before releasing a charge draft.,Vuelva a conectarse antes de liberar un borrador de cobro.
Review saved or processing payments before releasing a charge draft.,Revise los pagos guardados o en proceso antes de liberar un borrador de cobro.
Release could not be verified. Refresh pending charges before retrying.,No se pudo verificar la liberación. Actualice los cobros pendientes antes de reintentar.
Draft released,Borrador liberado
Reload the current source quote before collecting payment.,Vuelva a cargar la cotización actual del documento de origen antes de cobrar.
Could not release this charge draft.,No se pudo liberar este borrador de cobro.
An amendment must be submitted before rebinding its charge request.,Debe confirmar la factura enmendada antes de vincularla de nuevo a su solicitud de cobro.
Cancelled invoice {0} was replaced by amendment {1}.,La factura cancelada {0} fue sustituida por la factura enmendada {1}.
This retired request can only be collected through an amendment of its cancelled invoice.,Esta solicitud retirada solo puede cobrarse mediante una enmienda de su factura cancelada.
Another charge already exists for this source. Review it before amending the cancelled invoice.,Ya existe otro cobro para este documento de origen. Revíselo antes de enmendar la factura cancelada.
The invoice must be cancelled before retiring its charge request.,Debe cancelar la factura antes de retirar su solicitud de cobro.
Invoice {0} was cancelled. Its source history is retained; review any delivery or payment outside this invoice.,Se canceló la factura {0}. Se conserva el historial del documento de origen; revise cualquier entrega o pago registrado fuera de esta factura.
The charge request belongs to a different register or company.,La solicitud de cobro pertenece a otra caja o empresa.
The pinned draft changed. Refresh pending charges before releasing it.,Cambió el borrador vinculado. Actualice los cobros pendientes antes de liberarlo.
Only the owning cashier can release this register's unsubmitted draft.,Solo el cajero propietario puede liberar el borrador sin confirmar de esta caja.
A completed charge cannot be released.,No se puede liberar un cobro completado.
This draft contains a payment intent. Review saved payments before releasing it.,Este borrador contiene una intención de pago. Revise los pagos guardados antes de liberarlo.
Submission or payment processing has started. Review the original transaction before releasing it.,La confirmación o el procesamiento del pago ya comenzó. Revise la operación original antes de liberarlo.
Coupon {0} has no uses left ({1} of {2} used). Remove it from this sale or raise its maximum use in POS Coupon.,El cupón {0} ya no tiene usos disponibles ({1} de {2} usados). Quítalo de esta venta o aumenta su uso máximo en POS Coupon.
Register for promotions,Registrar para promociones
Agrees to receive promotions by WhatsApp and email,Acepta recibir promociones por WhatsApp y correo
Mobile number and email are required to register for promotions,Para registrar en promociones se requieren celular y correo
Cashier released unsubmitted draft {0}; the draft is retained and cannot collect this retired request.,El cajero liberó el borrador sin confirmar {0}; el borrador se conserva y ya no podrá cobrar esta solicitud retirada.

Search tables or accounts,Buscar mesa o cuenta
No results found,No hay resultados
Clear filters,Limpiar filtros
Tab Name,Nombre de la cuenta
Plan needs a wider screen,Plano en pantalla amplia
Tabs without a table,Cuentas sin mesa
Filter,Filtrar
Payment queued — waiting for connection,Cobro en cola — esperando conexión
"Count the drawer, review unfinished sales, then close.","Cuenta la caja, revisa las ventas pendientes y cierra el turno."
Back from closing,Volver sin cerrar el turno
Checking this browser and the open shift…,Verificando este navegador y el turno abierto…
This browser is ready to close the shift.,Este navegador está listo para cerrar el turno.
Review saved sales before closing,Revisa las ventas guardadas antes de cerrar
This browser is registered. A supervisor still needs to record how sales from previous browsers were checked.,Este navegador ya está registrado. Falta que un supervisor registre cómo revisó las ventas de los navegadores anteriores.
"Another browser owns this shift. Finish syncing there, or have a supervisor review its saved sales and authorize this browser here. The previous browser will no longer be able to submit sales.","El turno está registrado en otro navegador. Termina de sincronizar ahí, o pide a un supervisor que revise sus ventas guardadas y autorice este navegador aquí. El navegador anterior ya no podrá enviar ventas."
"This older shift has no registered browser. A supervisor can check previous-browser sales and register this browser here, in one step.","Este turno anterior no tiene un navegador registrado. Un supervisor puede revisar las ventas de los navegadores anteriores y registrar este navegador aquí, en un solo paso."
I checked previous browsers and accounted for their saved sales and cash movements.,Revisé los navegadores anteriores y comprobé sus ventas guardadas y movimientos de caja.
How was the saved work checked?,¿Cómo se revisaron las ventas y los movimientos guardados?
Record review and prepare this browser,Registrar revisión y preparar este navegador
Describe the review (at least 8 characters),Describe la revisión (mínimo 8 caracteres)
Loading shift totals and checking saved work…,Cargando los totales del turno y verificando el trabajo guardado…
Closing needs attention,El cierre requiere atención
"Your entered amounts stay here. Resolve the problem, then try closing again.",Los importes que ingresaste se conservan aquí. Resuelve el problema e intenta cerrar de nuevo.
Sync saved work,Sincronizar trabajo guardado
Reload closing details,Actualizar datos del cierre
Unfinished sales,Ventas pendientes
These unprinted drafts will be deleted only when the shift closes successfully:,Estos borradores sin imprimir se eliminarán únicamente cuando se cierre el turno correctamente:
Finish or delete these drafts before closing. They cannot be left on a closed shift:,Termina o elimina estos borradores antes de cerrar. No pueden quedar pendientes en un turno cerrado:
These printed invoices were excluded from closing and will remain drafts for review:,Estas facturas impresas se excluyeron del cierre y seguirán como borradores para revisión:
Review drafts,Revisar borradores
I reviewed these sales and agree to the changes listed above when closing.,Revisé estas ventas y acepto los cambios indicados arriba al cerrar el turno.
Opening,Apertura
Expected,Esperado
"Connect to the internet, then check again. Your count stays on this screen.",Conéctate a internet y verifica de nuevo. Tu conteo se conserva en esta pantalla.
The open shift could not be found. Reload the register and try again.,No se encontró el turno abierto. Recarga la caja e intenta de nuevo.
Connect to the internet before recording the review.,Conéctate a internet antes de registrar la revisión.
The shift changed. Check its status before continuing.,El turno cambió. Verifica su estado antes de continuar.
Check this browser and complete the saved-sales review above before closing.,Verifica este navegador y completa la revisión de ventas guardadas de arriba antes de cerrar.
Review the unfinished sales above before closing.,Revisa las ventas pendientes de arriba antes de cerrar.
Enter a closing amount for every payment method. Use 0 when there were no payments.,Ingresa el importe de cierre de cada forma de pago. Usa 0 si no hubo pagos.
The server returned no closing details. Try loading them again.,El servidor no devolvió los datos del cierre. Intenta cargarlos de nuevo.
The server did not confirm closure. Check the shift status before trying again.,El servidor no confirmó el cierre. Verifica el estado del turno antes de intentar de nuevo.
Check the shift status and try again.,Verifica el estado del turno e intenta de nuevo.
Closing shift…,Cerrando turno…
Add a note explaining the cash difference before closing.,Agrega una nota explicando la diferencia de caja antes de cerrar.
Load the closing details before continuing.,Carga los datos del cierre antes de continuar.
Complete the browser review above before closing.,Completa la revisión del navegador de arriba antes de cerrar.
"Finish or delete the listed drafts, then reload closing details.",Termina o elimina los borradores indicados y actualiza los datos del cierre.
Confirm the unfinished-sales review above.,Confirma la revisión de ventas pendientes de arriba.
The previous browser released this shift after syncing. You can register this browser and continue closing.,El navegador anterior liberó este turno después de sincronizar. Puedes registrar este navegador y continuar el cierre.
A supervisor must authorize a transfer or review saved sales. Your cashier account cannot approve that review.,Un supervisor debe autorizar el cambio de navegador o revisar las ventas guardadas. Tu cuenta de cajero no puede aprobar esa revisión.
"If the original browser is available, sync and review its saved work there, then release the terminal. Return here and check again.","Si el navegador original está disponible, sincroniza y revisa los registros guardados allí; después libera la terminal. Vuelve aquí y revisa de nuevo."
"Otherwise, ask a supervisor to sign in on this same browser, open Offline Status, and select this cashier’s shift under replacement-browser authorization.","Si no está disponible, pide a un supervisor que inicie sesión en este mismo navegador, abra Estado fuera de línea y seleccione el turno de este cajero en la autorización de navegador de reemplazo."
"After the supervisor authorizes this browser and records the saved-sales review, sign back in as the original cashier and return to Close Shift.","Cuando el supervisor autorice este navegador y registre la revisión de ventas guardadas, vuelve a iniciar sesión como el cajero original y abre Cerrar turno."
Open terminal recovery,Abrir recuperación de terminal
Register this browser and continue,Registrar este navegador y continuar
"Connection lost. The shift may already be closed, but its status could not be confirmed. Your count is preserved. Reconnect and retry; the server will check the shift before closing it.","Se perdió la conexión. Es posible que el turno ya esté cerrado, pero no se pudo confirmar. Tu conteo se conserva. Reconecta y vuelve a intentar; el servidor revisará el turno antes de cerrarlo."
Cash custody,Control de efectivo
POS Cash Safe,Caja fuerte POS
POS Cash Bag,Bolsa de efectivo POS
POS Cash Count,Arqueo de efectivo POS
POS Cash Custody Event,Movimiento de custodia POS
Safe balance,Saldo de caja fuerte
Loose cash available,Efectivo sin asignar
Bank deposits in transit,Depósitos bancarios en tránsito
Bags,Bolsas
Counts and exceptions,Arqueos y diferencias
Prepare float bag,Preparar bolsa de fondo
Return bag to safe,Entregar bolsa a caja fuerte
Count safe,Contar caja fuerte
Receive into drawer,Recibir en gaveta
Verify bag,Verificar bolsa
Return to loose safe cash,Devolver a efectivo sin asignar
Send to bank,Enviar al banco
Confirm bank receipt,Confirmar depósito bancario
Return undeposited bag,Devolver bolsa no depositada
Review difference,Revisar diferencia
Bag seal / ID,Folio del sello o bolsa
Float,Fondo de caja
Takings,Recaudación
Unverified,Por verificar
Disputed,Con diferencia
In Transit,En tránsito
Deposited,Depositada
Unpacked,Abierta en caja fuerte
Count cash,Contar efectivo
Enter a manual total,Ingresar total manual
Counted amount,Importe contado
Why was the total overridden?,¿Por qué se ingresó un total manual?
Manual count,Conteo manual
Prepared by,Preparó
Counted by,Contó
Bank receipt reference,Referencia del comprobante bancario
Reason / handover note,Motivo o nota de entrega
Confirm cash action,Confirmar movimiento
Cash action recorded.,Movimiento de efectivo registrado.
Count and return the drawer,Contar y entregar la gaveta
Save drawer count,Guardar arqueo de gaveta
Saved count,Arqueo guardado
Unsaved changes,Cambios sin guardar
Bags going into the safe,Bolsas que se entregan a caja fuerte
Cash in this bag,Efectivo en esta bolsa
Remove bag,Quitar bolsa
Add another bag,Agregar otra bolsa
Allocated,Asignado
Difference / handover note,Nota de diferencia o entrega
Save the current count and allocate its exact total before closing.,Guarda el arqueo actual y asigna su importe exacto a las bolsas antes de cerrar.
Count saved and bags allocated. Complete the payment reconciliation and close the shift.,Arqueo guardado y bolsas asignadas. Revisa los medios de pago y cierra el turno.
"Save the count, then allocate all cash to sealed bags. Closing records the count and returns those bags to the safe together.",Guarda el arqueo y distribuye todo el efectivo en bolsas selladas. El cierre registra el arqueo y la entrega a caja fuerte juntos.
Count the money received. A mismatch records an exception and does not add cash to your drawer.,"Cuenta el dinero recibido. Si hay diferencia, se registra para revisión sin agregar efectivo a tu gaveta."
"Count all physical safe cash, including sealed bags. Exclude money in transit to the bank.","Cuenta todo el efectivo físico en la caja fuerte, incluidas las bolsas selladas. Excluye el dinero en tránsito al banco."
Count differs. The bag is held for supervisor review; drawer cash was not changed.,Hay una diferencia. La bolsa queda pendiente de revisión del supervisor; el efectivo de la gaveta no cambió.
No cash bags yet. A supervisor can prepare the first float from the safe.,Aún no hay bolsas. Un supervisor puede preparar el primer fondo desde la caja fuerte.
Retry unconfirmed action,Reintentar movimiento sin confirmar
A cash action has an unconfirmed result. Retry it before moving the money again.,Hay un movimiento de efectivo sin confirmar. Reinténtalo antes de volver a mover el dinero.
Submitted cash actions remain in the audit trail. A failed connection can be retried without recording the transfer twice.,"Los movimientos confirmados quedan en el historial. Si falla la conexión, puedes reintentar sin registrar la transferencia dos veces."
A POS supervisor must perform this action.,Esta acción requiere un supervisor POS.
Another person must verify the bag. You cannot verify your own count.,Otra persona debe verificar la bolsa. No puedes verificar tu propio conteo.
Use Cash custody to receive or return a bag for this register.,Usa Control de efectivo para recibir o entregar una bolsa de esta caja.
Cash custody is not configured for this register. Ask a manager to configure its safe.,Esta caja no tiene configurado el control de efectivo. Pide al encargado que configure su caja fuerte.
Bag totals must equal the saved drawer count. The drawer must end at zero.,La suma de las bolsas debe coincidir con el arqueo guardado. La gaveta debe quedar vacía.
Another supervisor must review your own discrepancy.,Otro supervisor debe revisar tu propia diferencia.
Close the existing shift before enabling cash custody.,Cierra el turno actual antes de activar el control de efectivo.
Saved cash recovery details cannot be read. Keep this browser’s data and ask a supervisor to review cash history before continuing.,No se pueden leer los datos para recuperar el movimiento. Conserva los datos de este navegador y pide a un supervisor que revise el historial de efectivo antes de continuar.
This browser cannot save cash recovery details. No cash action was sent. Enable browser storage and retry.,Este navegador no puede guardar los datos de recuperación. No se envió ningún movimiento de efectivo. Habilita el almacenamiento del navegador y vuelve a intentar.
A previous cash action has an unconfirmed result. Use Retry unconfirmed action before starting a different action.,Hay un movimiento anterior sin confirmar. Usa Reintentar movimiento sin confirmar antes de iniciar uno diferente.
Allow pop-ups to print cash custody evidence.,Permite las ventanas emergentes para imprimir el comprobante de efectivo.
A bag label is only available for a cash bag.,La etiqueta solo está disponible para una bolsa de efectivo.
A closing can return at most 20 bags.,Un cierre puede devolver como máximo 20 bolsas.
A difference becomes an exception for an independent review.,Las diferencias quedan pendientes de revisión por otra persona.
A mismatch records an exception and does not add cash to your drawer. A supervisor reviews it.,"Si el conteo no coincide, se registra la diferencia sin agregar efectivo a tu caja. Un supervisor la revisará."
A note is required when the counted cash differs from the expected amount.,Agrega una nota cuando el efectivo contado no coincida con lo esperado.
A supervisor recounts or reviews this bag. Drawer cash was not changed.,Un supervisor debe volver a contar o revisar esta bolsa. El efectivo de tu caja no cambió.
A supervisor recounts the bag or reviews the difference.,Un supervisor debe volver a contar la bolsa o revisar la diferencia.
A supervisor reviews this difference. The cash stays where it is until then.,"Un supervisor revisará esta diferencia. Mientras tanto, el efectivo permanece donde está."
"Add at least one denomination, or enter a manual total with a reason.",Agrega al menos una denominación o captura un total manual con su motivo.
Allocate the remaining {0}.,Distribuye los {0} restantes.
Another person verifies or receives it. You cannot verify your own bag.,Otra persona debe verificar o recibir la bolsa. No puedes verificar la que tú preparaste.
Another supervisor must review a difference you counted.,Otro supervisor debe revisar la diferencia de tu conteo.
Another supervisor must settle a bag you counted.,Otro supervisor debe resolver la diferencia de la bolsa que tú contaste.
At least 8 characters.,Al menos 8 caracteres.
At least 8 characters. This reason stays in the audit trail.,Al menos 8 caracteres. El motivo quedará en el historial.
Awaiting a bank receipt,Pendiente de comprobante bancario
Bag,Bolsa
Bag is on the way to the bank.,La bolsa está en camino al banco.
Bag received into your drawer.,Bolsa recibida en tu caja.
"Bag totals are recorded custody evidence, not the ledger balance. Open Cash custody in POS or the safe ledger for balances.",Estos totales corresponden a las bolsas registradas. Consulta los saldos en Custodia de efectivo del POS o en el libro de la caja fuerte.
Bag unpacked. Its cash is loose safe funds again.,Bolsa abierta. Su efectivo vuelve a estar disponible sin embolsar en la caja fuerte.
Bag verified and available in the safe.,Bolsa verificada y disponible en la caja fuerte.
Bags in transit waiting for a bank receipt,Bolsas en tránsito pendientes de comprobante bancario
Bags waiting for your independent count,Bolsas pendientes de tu verificación
Bags you can count and receive into the drawer,Bolsas que puedes contar y recibir en tu caja
Bank handling and unpacking are supervisor actions.,Los envíos al banco y la apertura de bolsas requieren un supervisor.
Bank receipt recorded. The deposit left the transit account.,Comprobante bancario registrado. El depósito salió de la cuenta de efectivo en tránsito.
Browser storage is unavailable. Save the drawer count before leaving this screen.,El almacenamiento del navegador no está disponible. Guarda el conteo antes de salir de esta pantalla.
Cash bag handover,Entrega de bolsa de efectivo
Cash count evidence,Comprobante de conteo de efectivo
Cash custody could not be checked. Retry before closing.,No se pudo comprobar la custodia de efectivo. Reintenta antes de cerrar.
"Cash custody is off for this register. Enable it with no open shift and a reconciled, empty drawer account; cash actions stay unavailable until then.",La custodia de efectivo está desactivada en esta caja. Actívala sin turnos abiertos y con la cuenta de caja conciliada y en cero; las acciones de efectivo estarán disponibles después.
Cash custody queues,Pendientes de custodia de efectivo
Cash sealed and returned to the safe.,Efectivo embolsado y devuelto a la caja fuerte.
Choose a cash bag or count.,Selecciona una bolsa o un conteo de efectivo.
Choose a handover slip or a bag label.,Selecciona un comprobante de entrega o una etiqueta de bolsa.
Close shift could not be opened from here. Use the Close Shift destination.,No se pudo abrir el cierre desde aquí. Usa Cerrar turno en el menú lateral.
Completed,Completados
Confirm the bank receipt,Confirmar el comprobante bancario
Continue in Close shift,Continuar en Cerrar turno
Copy the reference printed on the bank deposit slip.,Copia la referencia que aparece en el comprobante de depósito bancario.
Correction journal,Póliza de ajuste
Count evidence,Detalle del conteo
Count the drawer,Cuenta el efectivo de la caja
Count the safe,Contar la caja fuerte
Counted notes and coins,Billetes y monedas contados
Custody active,Custodia activa
Declared amount,Importe declarado
Denomination,Denominación
Denominations,Denominaciones
Deposit slip or bank confirmation number.,Número del comprobante de depósito o de la confirmación bancaria.
Describe the reason in 8 to 1000 characters.,Explica el motivo usando entre 8 y 1000 caracteres.
Difference note,Nota sobre la diferencia
Difference reviewed and posted.,Diferencia revisada y contabilizada.
Differences waiting for your review,Diferencias pendientes de tu revisión
Drawer cash limit,Límite de efectivo en caja
Drawer open,Caja abierta
Each bag needs its own seal.,Cada bolsa necesita un sello diferente.
Edit denomination count,Editar conteo por denominación
Enter an amount with at most two decimals.,Captura un importe con un máximo de dos decimales.
Every bag must hold more than zero.,Cada bolsa debe contener un importe mayor que cero.
Explain the difference,Explica la diferencia
Explain the manual count override (at least 8 characters).,Explica por qué capturaste el total manualmente (al menos 8 caracteres).
Filter the queue,Filtrar pendientes
Float bag prepared and reserved in the safe.,Bolsa de fondo preparada y reservada en la caja fuerte.
Float for the next drawer,Fondo para el siguiente turno
Fully allocated,Todo el efectivo está distribuido
Give every bag its own seal.,Asigna un sello diferente a cada bolsa.
Handover note,Nota de entrega
Hide smaller denominations,Ocultar denominaciones menores
Hide the bag count,Ocultar conteo de la bolsa
"It can start a drawer, go to the bank, or be unpacked into loose safe cash.","Puede recibirse en una caja, enviarse al banco o abrirse para disponer del efectivo en la caja fuerte."
It must be verified again before it can move.,Debe verificarse de nuevo antes de moverla.
Ledger balance to reconcile,Saldo contable por conciliar
Linked records,Documentos relacionados
Listed notes and coins add up to {0}; the declared total was entered manually.,Los billetes y monedas detallados suman {0}; el total declarado se capturó manualmente.
Loading the custody queue…,Cargando los pendientes de custodia…
Needs me,Requiere mi atención
Next,Siguiente paso
No bag is ready for you. Ask a supervisor to prepare a float bag from the safe.,No hay bolsas listas para ti. Pide a un supervisor que prepare un fondo desde la caja fuerte.
No bag matches this filter or search.,Ninguna bolsa coincide con este filtro o búsqueda.
No count is recorded for this bag yet.,Esta bolsa aún no tiene un conteo registrado.
No count matches this filter or search.,Ningún conteo coincide con este filtro o búsqueda.
No counts recorded yet for this safe.,Esta caja fuerte aún no tiene conteos registrados.
No denomination detail was recorded for this count.,Este conteo no tiene detalle de denominaciones.
No difference,Sin diferencia
No open drawer,Sin caja abierta
No reason was recorded.,No se registró un motivo.
None selected,Sin seleccionar
Not active,Inactiva
Not reserved by a sealed bag,Disponible sin embolsar
Not verified yet,Pendiente de verificación
Nothing is waiting. Seal and return drawer cash whenever the drawer holds more than it should.,No hay pendientes. Embolsa y devuelve el excedente cuando la caja tenga demasiado efectivo.
Open your register shift before receiving or returning cash.,Abre tu turno antes de recibir o devolver efectivo.
Open your register shift first.,Primero abre tu turno de caja.
Open your register shift to move cash between the drawer and the safe.,Abre tu turno para mover efectivo entre tu caja y la caja fuerte.
Open your register shift to receive this bag into a drawer.,Abre tu turno para recibir esta bolsa en tu caja.
Over,Sobrante
Over by,Sobran
Over by {0},Sobran {0}
Post the difference and close the review,Contabilizar la diferencia y terminar la revisión
Prepare a float bag from the safe,Preparar un fondo desde la caja fuerte
Prepare a new bag with a new seal when the cash moves again.,Prepara una bolsa con un sello nuevo cuando vuelvas a mover el efectivo.
Prepare the bag,Preparar la bolsa
Preparing…,Preparando…
Print count evidence,Imprimir comprobante del conteo
Print the evidence if the bank copy needs it.,Imprime el comprobante para acompañar la copia bancaria si hace falta.
Purpose,Destino
Put the remaining cash in this bag,Poner el efectivo restante en esta bolsa
Reason / handover note (optional),Motivo o nota de entrega (opcional)
Receive and count this bag into your drawer,Contar y recibir esta bolsa en tu caja
Receive into the drawer,Recibir en la caja
Record,Documento
Record the bank receipt,Registrar el comprobante bancario
Record the bank receipt reference when the deposit is confirmed.,Registra la referencia del comprobante cuando el banco confirme el depósito.
Record the safe count,Registrar el conteo de la caja fuerte
Record the verification count,Registrar el conteo de verificación
Refreshing…,Actualizando…
Remaining {0},Faltan {0}
Return the bag contents to loose safe cash,Devolver el contenido de la bolsa al efectivo disponible de la caja fuerte
Return the bag to the safe,Devolver la bolsa a la caja fuerte
Return the contents to loose safe cash,Devolver el contenido al efectivo disponible de la caja fuerte
Return the undeposited bag to the safe,Devolver a la caja fuerte la bolsa no depositada
Return this cash to the safe,Devolver este efectivo a la caja fuerte
Review,Revisión
Review the counted difference,Revisar la diferencia del conteo
Safe,Caja fuerte
Safe count recorded.,Conteo de la caja fuerte registrado.
Save the drawer count before allocating the bags.,Guarda el conteo de la caja antes de distribuirlo en bolsas.
Save the drawer count.,Guarda el conteo de la caja.
Saved recovery information for this register could not be read. Check the cash records in Desk before repeating any cash action.,No se pudo leer la información de recuperación de esta caja. Revisa los movimientos en Desk antes de repetir una acción de efectivo.
Seal drawer cash and return it to the safe,Embolsar el efectivo de caja y devolverlo a la caja fuerte
"Search by seal, state or person","Buscar por sello, estado o persona"
"Search counts by scope, shift or person","Buscar conteos por tipo, turno o persona"
Select a bag or a count from the queue to see its custody trail and the actions allowed now.,Selecciona una bolsa o un conteo para ver su historial y las acciones disponibles.
Select a register to manage its cash.,Selecciona una caja para administrar su efectivo.
Sell as usual. Return the drawer to the safe in sealed bags at closing.,"Continúa vendiendo. Al cerrar el turno, devuelve el efectivo a la caja fuerte en bolsas selladas."
Send the bag to the bank,Enviar la bolsa al banco
Short,Faltante
Short by,Faltan
Show all bags,Mostrar todas las bolsas
Show all counts,Mostrar todos los conteos
Show smaller denominations,Mostrar denominaciones menores
Smaller denominations,Denominaciones menores
Start a cash task,Acciones de efectivo
State,Estado
Suggested float,Fondo sugerido
Takings for the bank,Ingresos para depositar en el banco
The bag queue could not be loaded. Open the cash bag list to review it.,No se pudieron cargar las bolsas. Abre la lista de bolsas de efectivo para revisarlas.
The bags hold {0} more than the counted cash.,Las bolsas contienen {0} más que el efectivo contado.
The cash action could not be completed.,No se pudo completar la acción de efectivo.
The cash action was refused and nothing was recorded. Correct the details and confirm again.,La acción fue rechazada y no se registró. Corrige los datos y confirma de nuevo.
The cash custody queue could not be loaded.,No se pudieron cargar los pendientes de custodia de efectivo.
The connection failed before the result was known. Do not move the cash again — use Retry unconfirmed action above.,La conexión falló antes de confirmar el resultado. No vuelvas a mover el efectivo; usa Reintentar acción sin confirmar arriba.
The counts for this bag could not be loaded.,No se pudieron cargar los conteos de esta bolsa.
The drawer count could not be saved.,No se pudo guardar el conteo de caja.
The evidence could not be prepared. The custody record is unchanged; printing is not the cash transaction.,No se pudo preparar el comprobante. El movimiento de efectivo ya registrado no cambia por un error de impresión.
The evidence could not be printed. The cash record is unchanged.,No se pudo imprimir el comprobante. El movimiento de efectivo no cambió.
The original counts stay as evidence.,Los conteos originales se conservan como comprobante.
The retry did not complete.,No se pudo completar el reintento.
The review posts the difference between the cash account and the cash over/short account. The original count stays unchanged.,La revisión contabiliza la diferencia entre la cuenta de efectivo y la cuenta de sobrantes o faltantes. El conteo original se conserva.
The server did not confirm this action. Retry sends the same request; it never records the transfer twice. Do not move the cash again.,El servidor no confirmó la acción. Reintentar envía la misma solicitud sin registrar el movimiento dos veces. No vuelvas a mover el efectivo.
The stored count evidence could not be read here. Open the record in Desk.,No se pudo leer el detalle del conteo aquí. Abre el documento en Desk.
The stored count evidence could not be read. Print the record or ask a supervisor to review its history.,No se pudo leer el detalle del conteo. Imprime el documento o pide a un supervisor que revise su historial.
This action has an unconfirmed result from an earlier attempt. Retry checks the same request; it never records the transfer twice.,Esta acción tiene un intento anterior sin confirmar. Reintentar comprueba la misma solicitud sin registrar el movimiento dos veces.
This bag is closed evidence. Print it or open the record for the full history.,Esta bolsa ya terminó su recorrido. Imprime el comprobante o abre el documento para ver todo el historial.
This browser blocked the print window. The custody record is saved; print it again when the printer is ready.,El navegador bloqueó la ventana de impresión. El movimiento está guardado; vuelve a imprimir cuando la impresora esté lista.
This is more than the unallocated safe cash. Verify a deposit or unpack an available bag first.,El importe supera el efectivo disponible sin embolsar. Primero verifica una entrega o abre una bolsa disponible.
This seal already belongs to another bag.,Este sello ya pertenece a otra bolsa.
Unconfirmed cash action,Acción de efectivo sin confirmar
Undeposited bag returned to the safe.,Bolsa no depositada devuelta a la caja fuerte.
"Use 3 to 80 letters, digits, hyphens or underscores.","Usa de 3 a 80 letras, números, guiones o guiones bajos."
"Use the printed seal. 3–80 letters, digits or hyphens; each package needs a new one.","Usa el sello impreso. De 3 a 80 letras, números o guiones; cada bolsa necesita uno nuevo."
Verified by,Verificado por
Verified takings ready to leave for the bank,Ingresos verificados listos para enviar al banco
Verify another person's bag count,Verificar el conteo de otra persona
What needs you now,Lo que requiere tu atención
Write this seal on the physical bag. Each bag keeps its own unique seal.,Escribe este sello en la bolsa física. Cada bolsa debe tener un sello único.
You counted this bag. Another person must verify or receive it.,Tú contaste esta bolsa. Otra persona debe verificarla o recibirla.
You see the counts you recorded. A supervisor sees every count of this safe.,Ves los conteos que registraste. Un supervisor puede ver todos los conteos de esta caja fuerte.
Your drawer decreased by this amount. A supervisor verifies the bag.,Tu caja disminuyó por este importe. Un supervisor debe verificar la bolsa.
Your saved count could not be loaded. Retry before you count again.,No se pudo cargar tu conteo guardado. Reintenta antes de volver a contar.
"guidance, not a sales block",referencia para el manejo de efectivo
"A cashier can receive it from Cash custody, or a supervisor can send it to the bank or return it to loose safe cash.",Un cajero puede recibirla desde Custodia de efectivo; un supervisor puede enviarla al banco o abrirla para disponer del efectivo.
A supervisor reviews the difference on the latest count. The bag becomes available again once the correction is posted.,Un supervisor revisa la diferencia del último conteo. La bolsa vuelve a estar disponible cuando se contabiliza el ajuste.
A supervisor who did not perform this count reviews the difference and posts the correction.,Un supervisor que no realizó el conteo revisa la diferencia y contabiliza el ajuste.
Another person counts this bag and verifies or receives it. Nobody can verify a bag they prepared.,Otra persona debe contar esta bolsa para verificarla o recibirla. Nadie puede verificar una bolsa que preparó.
Another person must count this bag before it can be used or sent to the bank.,Otra persona debe contar esta bolsa antes de usarla o enviarla al banco.
Available in the safe,Disponible en la caja fuerte
Awaiting independent verification,Pendiente de verificación por otra persona
Awaiting verification,Pendiente de verificación
Bag count,Conteo de bolsa
Bank deposit journal,Póliza del depósito bancario
Bank run details: who takes the bag and where,Detalles del envío: quién lleva la bolsa y a dónde
Bank transit journal,Póliza de efectivo en tránsito
Cash bag,Bolsa de efectivo
Cash moves to the bank transit account until you record the bank receipt.,El efectivo pasa a la cuenta en tránsito hasta que registres el comprobante bancario.
Closing shift,Cierre de turno
Closing the shift records this count as final evidence.,"Al cerrar el turno, este conteo queda como comprobante definitivo."
Complete the highlighted fields before confirming.,Completa los campos señalados antes de confirmar.
Confirm deposit,Confirmar depósito
"Confirm the bank receipt, or return the undeposited bag if the trip failed.",Confirma el comprobante bancario o devuelve la bolsa si no se pudo depositar.
Count every note and coin in the safe,Cuenta todos los billetes y monedas de la caja fuerte
Count the bag yourself. A matching count makes it available; a difference disputes it.,"Cuenta la bolsa personalmente. Si coincide, queda disponible; si hay diferencia, queda pendiente de revisión."
Count the cash going into the bag,Cuenta el efectivo que pondrás en la bolsa
Count the cash you are sealing,Cuenta el efectivo que vas a embolsar
Count the cash you are sealing into this bag. Preparation reserves loose safe cash; it does not create money. Another person verifies or receives it.,Cuenta el efectivo que pondrás en esta bolsa. Prepararla reserva efectivo disponible de la caja fuerte. Otra persona debe verificarla o recibirla.
Count the cash you received,Cuenta el efectivo que recibiste
Count the sealed cash independently. A difference holds the bag for supervisor review and changes no drawer cash.,"Cuenta el efectivo de forma independiente. Si hay diferencia, la bolsa queda pendiente del supervisor y el efectivo de caja no cambia."
"Counted by a second person. It can start a drawer, go to the bank, or be unpacked.","Contada por otra persona. Puede recibirse en una caja, enviarse al banco o abrirse."
Counted on,Fecha del conteo
Delivered by,Entregado por
Deposited at the bank,Depositada en el banco
Difference pending review,Diferencia pendiente de revisión
Difference reviewed,Diferencia revisada
Difference to review,Diferencia por revisar
Disputed count,Conteo con diferencia
Drawer deposit movement,Movimiento de salida de caja
Drawer receipt movement,Movimiento de entrada a caja
Final count,Conteo definitivo
Final evidence,Comprobante definitivo
Held for review,Retenida para revisión
Held for supervisor review,Retenida para revisión del supervisor
In the drawer,En la caja
In transit to the bank,En tránsito al banco
Independent verification count,Conteo de verificación independiente
Issued to a drawer,Entregada a una caja
No count of yours is recorded for this bag. Counts by other people are visible to supervisors.,No tienes conteos registrados para esta bolsa. Los supervisores pueden ver los conteos de otras personas.
On the way to the bank,En camino al banco
Opening shift,Apertura de turno
Opens this bag back into loose safe cash. The seal is consumed; a new package needs a new seal.,Abre esta bolsa para disponer del efectivo en la caja fuerte. El sello queda usado; una nueva bolsa necesita otro sello.
Optional. It is printed on the handover slip.,Opcional. Aparece en el comprobante de entrega.
Post the difference and close the review. The counts stay as recorded evidence.,Contabiliza la diferencia y termina la revisión. Los conteos se conservan como comprobantes.
Preparation reserves cash that is already in the safe. It does not create money.,La preparación reserva efectivo que ya está en la caja fuerte.
Prepare bag,Preparar bolsa
Prepared on,Fecha de preparación
Received by,Recibido por
Receiving shift,Turno receptor
Record review,Registrar revisión
Record safe count,Registrar conteo de la caja fuerte
Record verification,Registrar verificación
Records the bag as in transit to the bank. Cash moves from the safe to the transit account until you confirm the bank receipt.,Registra la bolsa en tránsito al banco. El efectivo pasa de la caja fuerte a la cuenta en tránsito hasta confirmar el comprobante bancario.
Records the bank receipt reference. Cash moves from the transit account to the bank account.,Registra la referencia del comprobante. El efectivo pasa de la cuenta en tránsito a la cuenta bancaria.
Required when your count differs from the balance recorded in the ledger.,Obligatorio cuando tu conteo no coincide con el saldo contable.
Required when your count differs from the sealed amount.,Obligatorio cuando tu conteo no coincide con el importe de la bolsa.
Return bag,Devolver bolsa
Return to safe cash,Devolver al efectivo disponible
Returned to loose safe cash,Devuelta al efectivo disponible
Review decision and reason,Decisión de revisión y motivo
Reviewed by,Revisado por
Safe count,Conteo de caja fuerte
Saved draft,Borrador guardado
Saved draft count,Borrador de conteo guardado
The bag comes back to the safe and must be verified again before it moves.,La bolsa regresa a la caja fuerte y debe verificarse de nuevo antes de moverla.
The bag left for the bank. Record the bank receipt once the deposit is done.,La bolsa salió al banco. Registra el comprobante cuando se realice el depósito.
The bank receipt is recorded. This bag is closed evidence.,El comprobante bancario está registrado. Esta bolsa queda como evidencia definitiva.
The cash went back to loose safe funds. This bag is closed evidence.,El efectivo volvió a estar disponible sin embolsar. Esta bolsa queda como evidencia definitiva.
The cashier returns this cash at closing as counted takings.,El cajero devuelve este efectivo contado al cerrar el turno.
The counts did not match. A supervisor recounts or reviews the difference.,Los conteos no coincidieron. Un supervisor debe volver a contar o revisar la diferencia.
The drawer decreases by the counted amount and the sealed bag waits for verification in the safe.,Tu caja disminuye por el importe contado y la bolsa queda en la caja fuerte pendiente de verificación.
The sealed bag is consumed. Its cash returns to unallocated safe funds.,La bolsa se da por terminada. Su efectivo vuelve a estar disponible sin embolsar en la caja fuerte.
The trip failed and the cash is back in the safe. The bag must be verified again before it can leave.,No se pudo realizar el depósito y el efectivo regresó a la caja fuerte. Debe verificarse de nuevo antes de salir.
This cash is in the drawer. It returns to the safe as a sealed bag at closing.,"Este efectivo está en la caja. Al cerrar, se devuelve a la caja fuerte en una bolsa sellada."
This posts transit cash to the bank account with the deposit reference.,Contabiliza el efectivo en tránsito en la cuenta bancaria con la referencia del depósito.
Verified in safe,Verificada en caja fuerte
Why is the bag coming back undeposited?,¿Por qué regresa la bolsa sin depositar?
Why is this cash going back to loose safe funds?,¿Por qué se devuelve este efectivo a los fondos disponibles de la caja fuerte?
Safe balances,Saldos de la caja fuerte
Resolve the unconfirmed cash action before starting another task.,Resuelve la acción de efectivo sin confirmar antes de comenzar otra tarea.
Finish or cancel your current cash action before choosing another.,Termina o cancela la acción de efectivo actual antes de elegir otra.
"The cash action was saved, but the screen could not refresh. Refresh the record; do not move the cash again.","La acción de efectivo se guardó, pero la pantalla no pudo actualizarse. Actualiza el documento; no vuelvas a mover el efectivo."
Enter a whole number of notes or coins.,Captura una cantidad entera de billetes o monedas.
View,Vista
"Open the empty drawer with zero cash. Next, receive and count its float bag in Cash custody; that receipt records the starting funds.","Abre la caja vacía con cero efectivo. Después, cuenta y recibe su bolsa de fondo en Custodia de efectivo; esa recepción registra el fondo inicial."
"Float bags, safe handovers and cash counts","Fondos, entregas a caja fuerte y conteos de efectivo"
Print handover,Imprimir comprobante de entrega
Print bag label,Imprimir etiqueta de bolsa
Checking this drawer count with the register…,Verificando este conteo con la caja…
Discard the unsent form,Descartar el formulario sin enviar
Keep my count and save it over that version,Conservar mi conteo y guardarlo sobre esa versión
Keep my count as a new count,Conservar mi conteo como uno nuevo
Keeping your count starts a new count. Nothing already recorded is overwritten.,Al conservar tu conteo se inicia uno nuevo. No se reemplaza lo ya registrado.
Load the register's count,Cargar el conteo guardado en la caja
Loading replaces the count and note on this screen. Your bags stay as they are.,Al cargarlo se reemplazan el conteo y la nota de esta pantalla. Tus bolsas se conservan.
Reconcile this drawer count with the register before closing.,Revisa este conteo contra el guardado en la caja antes de cerrar.
Retry the unconfirmed cash action before choosing how to continue.,Reintenta la operación de efectivo sin confirmar antes de elegir cómo continuar.
"Review both counts, then choose which one to keep. Nothing is sent until you save.",Revisa ambos conteos y elige cuál conservar. No se envía nada hasta que guardes.
The register already holds a saved count for this shift.,La caja ya tiene un conteo guardado para este turno.
The register no longer holds your saved count.,Tu conteo guardado ya no está disponible en la caja.
The register's count,Conteo guardado en la caja
This count was already completed on the register.,Este conteo ya se finalizó en la caja.
This drawer count changed on the register.,El conteo guardado en la caja cambió.
Your count on this screen,Tu conteo en esta pantalla
Your saved count could not be checked with the register. Retry before closing.,No se pudo verificar tu conteo guardado con la caja. Reintenta antes de cerrar.
Your unsent cash form is still saved on this device. It reopens when the custody queue loads again.,Tu formulario de efectivo sin enviar sigue guardado en este dispositivo. Se abrirá cuando vuelva a cargar la lista de custodia.
Your unsent cash form is still saved. It reopens once the unconfirmed cash action is resolved.,Tu formulario de efectivo sin enviar sigue guardado. Se abrirá cuando se resuelva la operación sin confirmar.
Your unsent cash form was restored. Nothing was sent — check it and confirm.,Se recuperó tu formulario de efectivo sin enviar. No se envió nada; revísalo y confirma.
"An unsent cash form was saved on this device, but it no longer matches the cash records. It was not reopened and nothing was sent.","Hay un formulario de efectivo sin enviar guardado en este dispositivo, pero ya no coincide con los registros. No se abrió ni se envió nada."
This browser cannot keep your unsent cash form. Nothing was sent. Finish this action now or write the count down before leaving this screen.,Este navegador no puede guardar tu formulario de efectivo sin enviar. No se envió nada. Termina la operación o anota el conteo antes de salir de esta pantalla.
Discard the damaged saved form,Descartar el formulario guardado dañado
The saved copy of this cash form could not be removed from this browser. Do not send another cash action from this device until a supervisor checks the cash records in Desk.,No se pudo eliminar la copia guardada de este formulario. No envíes otra operación de efectivo desde este dispositivo hasta que un supervisor revise los registros en el escritorio.
The damaged saved cash form could not be removed from this browser. Ask a supervisor to check the cash records in Desk.,No se pudo eliminar el formulario de efectivo dañado. Pide a un supervisor que revise los registros en el escritorio.
Discard the damaged saved cash form before sending a cash action.,Descarta el formulario de efectivo dañado antes de enviar una operación.
"This browser will not release the saved copy of this form, so no cash action was sent and no cash moved. Reopen the browser and try again.",El navegador no permite eliminar la copia guardada de este formulario. No se envió ninguna operación ni se movió efectivo. Vuelve a abrir el navegador e inténtalo de nuevo.
Discard the damaged saved cash form before starting another cash task.,Descarta el formulario de efectivo dañado antes de iniciar otra tarea.
"Copy or discard the unsent cash form kept from before, then start the new task.",Copia o descarta el formulario de efectivo anterior sin enviar y después inicia la nueva tarea.
"An unsent cash form saved on this device could not be read. It was left untouched and no new work is being saved over it. Check the cash records in Desk, then discard it here.",No se pudo leer el formulario de efectivo sin enviar guardado en este dispositivo. Se conservó intacto y no se está reemplazando. Revisa los registros en el escritorio y después descártalo aquí.
All pending work is shown. Completed history here is limited to the most recent records.,Se muestra todo lo pendiente. El historial finalizado de esta pantalla se limita a los registros más recientes.
Open full cash history,Abrir el historial completo de efectivo
Enter a whole number of history rows.,Ingresa un número entero de registros del historial.
Expected drawer cash is above its limit.,El efectivo esperado en caja supera su límite.
Expected in the drawer,Esperado en caja
Suggested return,Devolución sugerida
"This is what the system expects, not a count. Count the cash you actually take out.","Esto es lo que espera el sistema, no un conteo. Cuente el efectivo que realmente retire."
Expected drawer cash is within its limit.,El efectivo esperado en caja está dentro de su límite.
The drawer cash check is unavailable. Nothing was counted or moved.,No se puede consultar el efectivo en caja. No se contó ni se movió nada.
Checking…,Consultando…
The drawer belongs to another register.,La caja pertenece a otro punto de venta.
Bag {0},Bolsa {0}
Open the first one,Abrir el primero
Workspace actions,Acciones del espacio de trabajo
Switch workspace,Cambiar de espacio de trabajo
Workspace,Espacio de trabajo
Receive cash from safe,Recibir efectivo de caja fuerte
Choose a bag or count to see its next step.,Elige una bolsa o un conteo para ver el siguiente paso.
Sealed bag,Bolsa sellada
Float bag,Bolsa de fondo de caja
Bank,Banco
Back to cash queue,Volver a bolsas y conteos
Details and history,Detalles e historial
Catalogue settings,Configuración del catálogo
All categories,Todas las categorías
Choose a category,Elige una categoría
All products,Todos los productos
Saved on this device. Other registers keep their own preferences.,Se guarda en este dispositivo. Las otras cajas conservan sus preferencias.
Start catalogue with,Al abrir el catálogo
Automatic: categories on touchscreens,Automático: categorías en pantallas táctiles
Category boxes on every screen,Cuadros de categorías en todas las pantallas
Products on every screen,Productos en todas las pantallas
Search and barcode scanning show products directly.,La búsqueda y el escaneo muestran los productos directamente.
Product display,Vista de productos
Sync and performance,Sincronización y rendimiento
Category navigation and product display on this device,Categorías y vista de productos en este dispositivo
Registers & shifts,Cajas y turnos
"Review open shifts, cash activity and recovery","Revisa turnos abiertos, movimientos y recuperación"
Review registers and shifts,Revisar cajas y turnos
Daily operation,Operación diaria
See who has an open shift and what needs attention.,Consulta quién tiene un turno abierto y qué necesita atención.
Open my shift,Abrir mi turno
My current shift,Mi turno actual
Open shifts,Turnos abiertos
Need attention,Necesitan atención
Your permitted profiles,Perfiles a los que tienes acceso
Your shifts only,Solo tus turnos
Shifts,Turnos
Shift filter,Filtrar turnos
"Search cashier, profile or shift","Buscar cajero, perfil o turno"
"Cashier, profile or shift","Cajero, perfil o turno"
Could not update shifts. Check the connection and try again.,No se pudieron actualizar los turnos. Revisa la conexión e inténtalo de nuevo.
Loading shifts…,Cargando turnos…
No matching shifts,No hay turnos que coincidan
No shifts need review,No hay turnos pendientes de revisión
No open shifts,No hay turnos abiertos
No closed shifts,No hay turnos cerrados
This list reflects server records. Saved work on other browsers must be checked separately.,Esta lista muestra los registros del servidor. Revisa por separado el trabajo guardado en otros navegadores.
View open shifts,Ver turnos abiertos
Recovery review,Revisar recuperación
From an earlier day,De un día anterior
Load more shifts,Cargar más turnos
Back to shifts,Volver a los turnos
A clear view of each shift,"Cada turno, a la vista"
Choose a shift to review its cash activity and next step.,Elige un turno para revisar sus movimientos y el siguiente paso.
Shifts are grouped by POS profile; a profile may be shared by several cashiers.,Los turnos se agrupan por perfil de punto de venta; varios cajeros pueden compartir un perfil.
Loading shift details…,Cargando detalle del turno…
This shift could not be loaded. Refresh or check your access.,No se pudo cargar este turno. Actualiza o revisa tus permisos.
Closed at,Cerrado el
Review before closing,Revisar antes de cerrar
"This shift started on an earlier day. Check saved sales, cash movements and the count before closing.","Este turno empezó en un día anterior. Revisa las ventas guardadas, los movimientos de efectivo y el conteo antes de cerrar."
Resume sale,Volver a vender
Count and close shift,Contar y cerrar turno
Sales and cash actions stay with this shift's cashier and authorized browser.,Las ventas y los movimientos de efectivo corresponden al cajero de este turno y a su navegador autorizado.
Cash and tenders,Efectivo y formas de pago
Expected amounts are hidden by this profile's blind-count policy.,La política de conteo ciego de este perfil oculta los importes esperados.
Server expected amounts. Unsynced work is not included.,Importes esperados según el servidor. No incluyen trabajo sin sincronizar.
No tender activity recorded.,No hay actividad registrada en las formas de pago.
Recent submitted cash movements,Últimos movimientos de efectivo confirmados
Up to 20 most recently updated movements for this shift.,Hasta 20 de los movimientos actualizados más recientemente en este turno.
No submitted cash movements recorded.,No hay movimientos de efectivo confirmados.
Review browser access,Revisar acceso del navegador
Open closing record,Abrir registro de cierre
Site time,Hora del sitio
Closed history,Historial de cierres
Sign in to review shifts.,Inicia sesión para revisar turnos.
Site signing key is not configured.,No se ha configurado la clave de firma del sitio.
This shift list has expired. Refresh it to continue.,Esta lista de turnos venció. Actualiza para continuar.
"Choose open shifts, attention, or closed history.","Elige turnos abiertos, pendientes de atención o historial de cierres."
This shift is unavailable or outside your access.,Este turno no está disponible o no tienes acceso a él.
Cash movements,Movimientos de efectivo
You,Tú
Ask a POS supervisor to review the previous browser and authorize this one from Offline Status. Then return here and check again.,Pide a un supervisor de caja que revise el navegador anterior y autorice este desde Estado sin conexión. Después vuelve aquí y verifica de nuevo.
Retry to reload this list. Your saved work has not been changed.,Vuelve a intentar para cargar esta lista. Tu trabajo guardado no se ha modificado.
Selected draft,Borrador seleccionado
Select a draft to continue,Selecciona un borrador para continuar
Back to Taller,Volver a Taller
Taller charge,Cobro de Taller
This register does not accept Taller charge requests. Return to the order or choose its assigned register.,Esta caja no admite solicitudes de cobro de Taller. Vuelve a la orden o elige la caja asignada.
This register does not accept Taller charge requests.,Esta caja no admite solicitudes de cobro de Taller.
Taller order,Orden de Taller
Select its request to collect payment.,Selecciona su solicitud para cobrar.
Show all charges,Ver todos los cobros
"No pending charge for this order at this register. If already paid, return to Taller and refresh payment; otherwise check the request and assigned register.","No hay un cobro pendiente de esta orden en esta caja. Si ya se cobró, vuelve a Taller y actualiza el cobro; si no, revisa la solicitud y la caja asignada."
Save or finish the current sale before loading the Taller charge.,Guarda o termina la venta actual antes de cargar el cobro de Taller.
"Receive a float, return cash, and follow every bag to its next custodian.","Recibe el fondo, entrega el efectivo y sigue cada bolsa hasta su siguiente responsable."
Cash bags,Bolsas de efectivo
Check the seal before opening. A count that differs is recorded as a difference for supervisor review.,"Revisa el sello antes de abrir. Si el conteo no coincide, se registra la diferencia para revisión del supervisor."
Print bag label / handover,Imprimir etiqueta o entrega de bolsa
An unsent cash form saved on this device could not be read. It was left untouched — check the cash records in Desk before repeating a cash action.,No se pudo leer un formulario de efectivo sin enviar guardado en este dispositivo. Se conservó intacto; revisa los registros de efectivo en el escritorio antes de repetir una operación.
A handover note is required for a blind count or when counted cash differs from the expected amount.,Agrega una nota de entrega para un conteo ciego o cuando el efectivo contado difiera del esperado.
Enable cash movements and cash deposits on the POS Profile before enabling cash custody.,Activa los movimientos y depósitos de efectivo en el perfil POS antes de habilitar la custodia.
Set the POS Profile cash movement maximum to zero before enabling cash custody; closing must transfer the complete drawer count.,Establece el máximo por movimiento de efectivo en cero antes de habilitar la custodia; el cierre debe transferir todo el efectivo contado.
The drawer account must match the cash Mode of Payment account for this company.,La cuenta del cajón debe coincidir con la cuenta de la forma de pago en efectivo de esta empresa.
This bag seal is already used on this site. Choose a new seal.,Este sello de bolsa ya se utilizó en el sitio. Elige un sello nuevo.
Return to clinic,Volver a Clínica
Open the clinic register named in the balance request before collecting.,Abra la caja de la clínica indicada en la solicitud de saldo antes de cobrar.
This clinic balance changed. Return to the clinic and refresh it.,El saldo de la clínica cambió. Vuelva a Clínica y actualícelo.
This clinic balance is not available to this register.,El saldo de la clínica no está disponible para esta caja.
A POS Profile is listed twice.,Un perfil POS aparece dos veces.
A cashless caja opens without cash.,Una caja sin efectivo se abre sin efectivo.
A routing change is waiting for the next opening. The open shift keeps its current drawer.,Hay un cambio de cuenta pendiente para la próxima apertura. El turno abierto conserva su cajón actual.
A store is a physical location with its own cajas. It is not created from a warehouse or profile name.,Una tienda es un lugar físico con sus propias cajas. No se crea a partir del nombre de un almacén o perfil.
A warehouse is listed twice.,Un almacén aparece dos veces.
Acknowledge that the previous device may hold unsynced work.,Confirma que el dispositivo anterior puede tener trabajo sin sincronizar.
Acknowledge that this device may hold unsynced work.,Confirma que este dispositivo puede tener trabajo sin sincronizar.
Activate caja,Activar caja
Add a permitted POS Profile to the store first.,Primero agrega un perfil POS permitido a la tienda.
Add caja,Agregar caja
Add permitted warehouses and POS Profiles to the store in Desk before adding cajas.,Agrega en Desk los almacenes y perfiles POS permitidos de la tienda antes de agregar cajas.
Add this POS Profile to the store's permitted profiles.,Agrega este perfil POS a los perfiles permitidos de la tienda.
An opening balance uses a payment method this caja does not accept.,Un saldo de apertura usa una forma de pago que esta caja no acepta.
"Another drawer, safe or payment method already uses this cash account","Otro cajón, caja fuerte o forma de pago ya usa esta cuenta de efectivo"
"Another drawer, safe or payment method already uses this cash account.","Otro cajón, caja fuerte o forma de pago ya usa esta cuenta de efectivo."
Another supervisor must approve a route you configured.,Otro supervisor debe aprobar una cuenta que tú configuraste.
Approve route change,Aprobar cambio de cuenta
Approve the drawer route change,Aprobar el cambio de cuenta del cajón
Ask a supervisor for help,Pide ayuda a un supervisor
Ask another supervisor to change your own access.,Pide a otro supervisor que cambie tu propio acceso.
Ask the store administrator.,Consulta al administrador de la tienda.
Available to open,Disponible para abrir
Back to cajas,Volver a cajas
Before this caja can open,Antes de poder abrir esta caja
Business day,Día operativo
Business day starts at,El día operativo empieza a las
Caja details,Detalle de la caja
Caja filter,Filtrar cajas
Caja tablet,Tableta de caja
Cajas,Cajas
Cashless,Sin efectivo
"Cashless (cards, transfers, orders)","Sin efectivo (tarjetas, transferencias, pedidos)"
Change pending,Cambio pendiente
Change the register lifecycle from the Cajas workspace.,Cambia el estado de la caja desde Cajas y turnos.
Check code,Verificar código
Choose Cash or Cashless.,Elige efectivo o sin efectivo.
"Choose a caja to see who is responsible, its device and what it needs next.","Elige una caja para ver quién es responsable, su dispositivo y qué necesita."
Choose a capability bundle.,Elige un conjunto de permisos.
Choose a profile,Elige un perfil
Choose an enabled POS Profile,Elige un perfil POS habilitado
Choose an enabled POS Profile.,Elige un perfil POS habilitado.
Choose an existing company.,Elige una empresa existente.
Choose an existing store.,Elige una tienda existente.
Choose connect or replace.,Elige conectar o reemplazar.
Choose store or company scope.,Elige alcance de tienda o de empresa.
Choose the drawer's own cash account.,Elige la cuenta de efectivo propia del cajón.
Choose this drawer's own account,Elige la cuenta propia de este cajón
Company and store code cannot change after the store has activity.,La empresa y el código de tienda no pueden cambiar después de que la tienda tenga actividad.
Confirm,Confirmar
Confirm and connect,Confirmar y conectar
Confirm your password to authorize this recovery.,Confirma tu contraseña para autorizar esta recuperación.
Connect device,Conectar dispositivo
Connect this caja's device.,Conecta el dispositivo de esta caja.
Connect this device with a code,Conectar este dispositivo con un código
Connected,Conectada
Connection code for,Código de conexión para
Connection code from your supervisor,Código de conexión de tu supervisor
Contact unknown,Contacto desconocido
Create store,Crear tienda
Create the first store,Crear la primera tienda
Default safe (optional),Caja fuerte predeterminada (opcional)
Device,Dispositivo
Device name,Nombre del dispositivo
Disable the grant instead; grant history is retained.,Desactiva el permiso; el historial de permisos se conserva.
Drawer account,Cuenta del cajón
Drawer cash account,Cuenta de efectivo del cajón
Each caja has its own drawer,Cada caja tiene su propio cajón
"Each cash caja needs its own ledger account. Accounts already used by another drawer, safe or payment method are unavailable.","Cada caja con efectivo necesita su propia cuenta contable. Las cuentas que ya usa otro cajón, caja fuerte o forma de pago no están disponibles."
Edit caja setup,Editar configuración de la caja
Edit setup,Editar configuración
"Enter it on the caja's device from “Open my shift”. Valid once, until","Captúralo en el dispositivo de la caja desde “Abrir mi turno”. Sirve una sola vez, hasta"
Every permitted POS Profile must belong to the store company.,Cada perfil POS permitido debe pertenecer a la empresa de la tienda.
Every permitted warehouse must belong to the store company.,Cada almacén permitido debe pertenecer a la empresa de la tienda.
Fix setup,Corregir configuración
In setup,En configuración
Invalid opening balances.,Saldos de apertura no válidos.
Invalid request data.,Datos de solicitud no válidos.
Keep using this profile's current single drawer until shared safes are enabled.,Sigue usando el cajón único actual de este perfil hasta que se habiliten las cajas fuertes compartidas.
Last contact,Último contacto
"Letters, digits, hyphen or underscore. It cannot be reused after sales.","Letras, números, guion o guion bajo. No se puede reutilizar después de tener ventas."
Load more cajas,Cargar más cajas
Loading cajas…,Cargando cajas…
Loading caja…,Cargando caja…
Mapping must be an object.,El mapeo debe ser un objeto.
Name employees recognize,Nombre que reconocen los empleados
Never observed,Nunca observado
New cajas start as drafts. Connect a device and activate it when every requirement is met.,Las cajas nuevas empiezan como borrador. Conecta un dispositivo y actívala cuando cumpla todos los requisitos.
New store,Nueva tienda
No cajas match this filter,Ninguna caja coincide con este filtro
No connection. The action was not confirmed; retry when back online.,Sin conexión. La acción no se confirmó; reintenta cuando vuelva la conexión.
No contact,Sin contacto
No device is connected yet. Connect one instead.,Aún no hay un dispositivo conectado. Conecta uno.
No stores are set up for you,No tienes tiendas configuradas
No stores yet,Aún no hay tiendas
None,Ninguna
Not connected,No conectado
Only a connected device may open this caja,Solo un dispositivo conectado puede abrir esta caja
Only an administrator can delete an unused draft register.,Solo un administrador puede eliminar una caja en borrador sin uso.
Only an administrator can grant company-wide access.,Solo un administrador puede otorgar acceso a toda la empresa.
Only an administrator can grant this capability.,Solo un administrador puede otorgar este permiso.
Only an administrator can run the register migration.,Solo un administrador puede ejecutar la migración de cajas.
Open by,Abierta por
Open register shifts through the Cajas workspace.,Abre los turnos de caja desde Cajas y turnos.
Open shift here,Abrir turno aquí
Open since,Abierta desde
Open with a POS profile instead,Abrir con un perfil POS
Open — device recovery pending,Abierta — recuperación de dispositivo pendiente
Open — your shift,Abierta — tu turno
Previous-device sales need supervisor review before closing.,Las ventas del dispositivo anterior necesitan revisión del supervisor antes del cierre.
Reactivate the store before adding cajas.,Reactiva la tienda antes de agregar cajas.
Register history cannot be deleted.,El historial de cajas no se puede eliminar.
"Registers with history are retired, not deleted.","Las cajas con historial se retiran, no se eliminan."
Reload caja,Recargar caja
Replace device,Reemplazar dispositivo
Replace this caja's device,Reemplazar el dispositivo de esta caja
Replacement code for,Código de reemplazo para
Resume my sale,Continuar mi venta
Retire,Retirar
Retire every caja of this store first.,Primero retira todas las cajas de esta tienda.
Retire this caja,Retirar esta caja
Retired,Retirada
Retired cajas cannot be reconfigured.,Las cajas retiradas no se pueden reconfigurar.
Retired cajas cannot connect devices.,Las cajas retiradas no pueden conectar dispositivos.
Review shift recovery,Revisar recuperación del turno
Review shifts,Revisar turnos
Revoke this grant and create a new one instead of changing its scope.,Revoca este permiso y crea uno nuevo en lugar de cambiar su alcance.
Save as draft,Guardar como borrador
Save changes,Guardar cambios
Setup,Configuración
Setup in progress,Configuración en curso
Setup incomplete,Configuración incompleta
"Shifts keep working as before. An administrator creates a store and its cajas, then grants access.",Los turnos siguen funcionando como antes. Un administrador crea la tienda y sus cajas y luego otorga acceso.
Short code,Código corto
Show all cajas,Mostrar todas las cajas
Sign in to continue.,Inicia sesión para continuar.
Store,Tienda
Store and register code cannot change after financial activity.,La tienda y el código de caja no pueden cambiar después de tener movimientos.
Store name,Nombre de la tienda
"Stores with registers or activity are retired, not deleted.","Las tiendas con cajas o actividad se retiran, no se eliminan."
Suspend,Suspender
Suspend this caja,Suspender esta caja
"Suspend, reactivate or retire the store from the Cajas workspace.","Suspende, reactiva o retira la tienda desde Cajas y turnos."
Suspended,Suspendida
The POS Profile belongs to another company.,El perfil POS pertenece a otra empresa.
The POS Profile must belong to the store company.,El perfil POS debe pertenecer a la empresa de la tienda.
The action could not be completed.,No se pudo completar la acción.
The caja already has another open shift; this closing cannot be cancelled.,La caja ya tiene otro turno abierto; este cierre no se puede cancelar.
The caja code cannot change after financial activity.,El código de la caja no puede cambiar después de tener movimientos.
The caja could not be opened.,No se pudo abrir la caja.
The cashier already has another open shift; this closing cannot be cancelled.,El cajero ya tiene otro turno abierto; este cierre no se puede cancelar.
The default safe belongs to another company.,La caja fuerte predeterminada pertenece a otra empresa.
The drawer account must be an active cash ledger in the company currency,La cuenta del cajón debe ser una cuenta de efectivo activa en la moneda de la empresa
The drawer account must be an active cash ledger in the company currency.,La cuenta del cajón debe ser una cuenta de efectivo activa en la moneda de la empresa.
"The drawer account must be an active, non-group cash ledger in the company currency.","La cuenta del cajón debe ser una cuenta de efectivo activa, no de grupo, en la moneda de la empresa."
The drawer account still holds an unexplained balance,la cuenta del cajón aún tiene un saldo sin explicar
The drawer route differs from the legacy route. A supervisor must approve the change.,La cuenta del cajón difiere de la cuenta anterior. Un supervisor debe aprobar el cambio.
The grant must end after it starts.,El permiso debe terminar después de empezar.
The linked storefront branch does not exist on this site.,La sucursal de tienda en línea vinculada no existe en este sitio.
The original request is still being verified. Retry shortly.,La solicitud original aún se está verificando. Reintenta en un momento.
The payment and its caja belong to different companies.,El pago y su caja pertenecen a empresas distintas.
The previous device may still hold unsynced sales; they will stay with this shift for review.,El dispositivo anterior puede tener ventas sin sincronizar; se quedarán con este turno para revisión.
The sale and its caja belong to different companies.,La venta y su caja pertenecen a empresas distintas.
The store is not active.,La tienda no está activa.
"The store, caja and drawer route of a shift cannot be changed.","La tienda, la caja y la cuenta del cajón de un turno no se pueden cambiar."
This POS Profile is now opened through its caja. Update POS (reload) and choose your caja.,Este perfil POS ahora se abre desde su caja. Actualiza POS (recarga) y elige tu caja.
This browser is already connected to a caja. Disconnect it there first.,Este navegador ya está conectado a una caja. Primero desconéctalo de ahí.
This browser is not the connected device for this caja. Ask a supervisor to connect or replace it.,Este navegador no es el dispositivo conectado de esta caja. Pide a un supervisor que lo conecte o reemplace.
This browser needs its device identity. Reload POS and retry.,Este navegador necesita su identidad de dispositivo. Recarga POS y reintenta.
This caja already has a connected device. Use device replacement.,Esta caja ya tiene un dispositivo conectado. Usa el reemplazo de dispositivo.
This caja cannot be retired yet: {0},Esta caja aún no se puede retirar: {0}
This caja has an open shift. The routing change applies at its next opening.,Esta caja tiene un turno abierto. El cambio de cuenta aplica en su próxima apertura.
This caja is already open by another cashier.,Esta caja ya está abierta por otro cajero.
This caja is busy right now. Retry in a moment.,Esta caja está ocupada en este momento. Reintenta en un momento.
This caja is cashless and cannot accept or pay out cash. Use another payment method or a cash caja.,Esta caja es sin efectivo y no puede recibir ni entregar efectivo. Usa otra forma de pago o una caja con efectivo.
This caja is cashless; it has no drawer for cash movements.,Esta caja es sin efectivo; no tiene cajón para movimientos de efectivo.
This caja is not ready to open.,Esta caja no está lista para abrir.
This caja is not ready: {0},Esta caja no está lista: {0}
This caja is open. Drawer and profile changes apply at its next opening; the current shift keeps its route.,Esta caja está abierta. Los cambios de cajón y perfil aplican en su próxima apertura; el turno actual conserva su cuenta.
This caja's cash movements always use its own drawer account.,Los movimientos de efectivo de esta caja siempre usan su propia cuenta de cajón.
"This cash account is already used by another drawer, safe or payment method ({0}). Each caja needs its own drawer account.","Esta cuenta de efectivo ya la usa otro cajón, caja fuerte o forma de pago ({0}). Cada caja necesita su propia cuenta de cajón."
This connection code expired or was already used. Ask for a new one.,Este código de conexión venció o ya se usó. Pide uno nuevo.
This connection code is not valid. Ask for a new one.,Este código de conexión no es válido. Pide uno nuevo.
This device,Este dispositivo
This device is not connected to this caja,Este dispositivo no está conectado a esta caja
This device will become the caja's device.,Este dispositivo será el dispositivo de la caja.
This device will replace the caja's previous device.,Este dispositivo reemplazará al dispositivo anterior de la caja.
This field is maintained by register actions.,Este campo lo mantienen las acciones de caja.
This list expired or its filters changed. Refresh to continue.,Esta lista venció o sus filtros cambiaron. Actualiza para continuar.
This profile uses single-register cash custody. Multi-register custody arrives with shared safes.,Este perfil usa custodia de efectivo de una sola caja. La custodia para varias cajas llega con las cajas fuertes compartidas.
This record is maintained by POS register actions and cannot be edited directly.,Este registro lo mantienen las acciones de caja POS y no se puede editar directamente.
This record is unavailable or outside your access.,Este registro no está disponible o está fuera de tu acceso.
This request ID was already used for a different instruction.,Este identificador de solicitud ya se usó para otra instrucción.
This screen is out of date. Reload POS to continue.,Esta pantalla está desactualizada. Recarga POS para continuar.
This store has no cajas yet,Esta tienda aún no tiene cajas
This store is suspended; new shifts cannot open.,Esta tienda está suspendida; no se pueden abrir turnos nuevos.
Timezone,Zona horaria
Unknown filter.,Filtro desconocido.
Unknown register settings: {0},Configuración de caja desconocida: {0}
Unknown store status.,Estado de tienda desconocido.
Workspace view,Vista del espacio de trabajo
You already have an open shift ({0}). Close it before opening a new one.,Ya tienes un turno abierto ({0}). Ciérralo antes de abrir uno nuevo.
You already have an open shift ({0}). Close it before opening another.,Ya tienes un turno abierto ({0}). Ciérralo antes de abrir otro.
You cannot assign people to this store.,No puedes asignar personas a esta tienda.
You cannot create stores for this company.,No puedes crear tiendas para esta empresa.
Your caja,Tu caja
Your password,Tu contraseña
Your shift,Tu turno
a browser recovery case is unresolved,hay un caso de recuperación de navegador sin resolver
a cash bag from this caja is still in custody,una bolsa de efectivo de esta caja sigue en custodia
a draft or pending sale must be completed or cancelled,hay que completar o cancelar una venta en borrador o pendiente
an open shift must be closed,hay que cerrar un turno abierto
in use,en uso
the drawer account still holds an unexplained balance,la cuenta del cajón aún tiene un saldo sin explicar
You already have an open shift ({0}) on POS Profile {1}. Close it before opening a new one.,Ya tienes un turno abierto ({0}) en el perfil POS {1}. Ciérralo antes de abrir uno nuevo.
Caja Mostrador,Caja Mostrador
Centro,Centro
This device is now connected to,Este dispositivo ya está conectado a
A supervisor must activate the caja before it can open.,Un supervisor debe activar la caja antes de poder abrirla.
Caja openings are paused on this site. Open with your POS profile.,Las aperturas por caja están en pausa en este sitio. Abre con tu perfil POS.
Cash for this profile is kept per caja. Open your caja shift before taking or paying out cash.,El efectivo de este perfil se maneja por caja. Abre tu turno de caja antes de recibir o entregar efectivo.
Select at least one bag to print.,Selecciona al menos una bolsa para imprimir.
Cash bag queues,Colas de bolsas de efectivo
In the safe,En la caja fuerte
All bags,Todas las bolsas
Print selected bags,Imprimir bolsas seleccionadas
Print bag labels,Imprimir etiquetas de bolsas
Paper format,Formato de papel
80 mm receipt,Ticket de 80 mm
100 × 76 mm label,Etiqueta de 100 × 76 mm
Handover sheet,Hoja de entrega
Print closing bags,Imprimir bolsas del corte
Cash bag labels,Etiquetas de bolsas de efectivo
Select between 1 and 50 bags to print.,Selecciona entre 1 y 50 bolsas para imprimir.
This closing has no submitted cash bag handover.,Este corte no tiene una entrega de bolsas confirmada.
The closing count does not match this shift.,El conteo del corte no corresponde a este turno.
The closing bag allocation needs review.,Es necesario revisar las bolsas asignadas a este corte.
This closing has no bags to print.,Este corte no tiene bolsas para imprimir.
Closing bags,Bolsas del corte
Shift closed. Label the bags.,Turno cerrado. Identifica las bolsas.
"Print one slip per bag, or copy its folio, amount, date and shift onto paper. Attach it to the matching bag.","Imprime una hoja por bolsa o anota su folio, importe, fecha y turno en un papel. Colócalo en la bolsa correspondiente."
The shift is closed. Its bag labels could not be loaded. Retry here or print them from the closing record.,El turno está cerrado. No se pudieron cargar sus etiquetas. Reintenta aquí o imprímelas desde el registro del corte.
"The shift is closed. Printing failed; allow pop-ups and retry, or copy the bag details onto paper.","El turno está cerrado. Falló la impresión; permite ventanas emergentes y reintenta, o anota los datos de las bolsas en papel."
Shift closed. Print the bag labels from the closing record.,Turno cerrado. Imprime las etiquetas de bolsas desde el registro del corte.
Filtered bags,Bolsas filtradas
Photo evidence,Evidencia fotográfica
Photograph the cash and the bag seal. Photos are private and do not replace the physical count.,Fotografía el efectivo y el sello de la bolsa. Las fotos son privadas y no sustituyen el conteo físico.
Take photo,Tomar foto
Choose photo,Elegir foto
Discard unsent photo,Descartar foto sin guardar
Unsent photo,Foto sin guardar
Saved photos stay linked to this record.,Las fotos guardadas quedan vinculadas a este registro.
No photos yet.,Todavía no hay fotos.
Photo limit reached.,Se alcanzó el límite de fotos.
Photos could not be loaded. Retry when connected.,No se pudieron cargar las fotos. Reintenta con conexión.
"Choose a JPEG, PNG or WebP photo.","Elige una foto JPEG, PNG o WebP."
This photo is too large. Choose a photo smaller than 5 MB.,La foto es demasiado grande. Elige una foto de menos de 5 MB.
Saving photo…,Guardando foto…
Photo saved.,Foto guardada.
Photo was not confirmed. Keep this screen open and retry; the cash record is unchanged.,No se confirmó la foto. Mantén esta pantalla abierta y reintenta; el registro de efectivo no cambió.
A photo is still unsent. Leave without saving it?,Hay una foto sin guardar. ¿Salir sin guardarla?
Load photo evidence,Cargar evidencia fotográfica
Photos of cash and bag,Fotos del efectivo y de la bolsa
Cash bags & safe,Bolsas y caja fuerte
"Bags, counts, photos and handovers","Bolsas, conteos, fotos y entregas"
Bag list & labels,Lista de bolsas y etiquetas
This cash record does not exist or belongs to a register you cannot access.,El registro no existe o pertenece a una caja a la que no tienes acceso.
Photos can only be kept on a cash bag or a cash count.,Las fotos sólo se guardan en una bolsa o un conteo de efectivo.
Sign in to see cash photos.,Inicia sesión para ver fotos del efectivo.
Take or choose a photo first.,Primero toma o elige una foto.
"This file is not a photo. Take a JPEG, PNG or WebP photo and try again.","El archivo no es una foto. Toma una foto JPEG, PNG o WebP e inténtalo de nuevo."
The photo is larger than 5 MB. Take it again at a lower resolution.,La foto supera los 5 MB. Tómala de nuevo con menor resolución.
The photo did not arrive complete. Try again.,La foto no llegó completa. Inténtalo de nuevo.
"This file is not a readable photo. Take a JPEG, PNG or WebP photo and try again.","El archivo no contiene una foto legible. Toma una foto JPEG, PNG o WebP e inténtalo de nuevo."
This photo is too large to keep. Take it again at a lower resolution.,La foto es demasiado grande. Tómala de nuevo con menor resolución.
Your role cannot add photos to cash records.,Tu rol no permite añadir fotos a registros de efectivo.
"This record already has {0} photos, the most it can keep.","Este registro ya tiene {0} fotos, el máximo permitido."
Cash photos are added from the cash record and cannot be changed afterwards.,Las fotos se añaden desde el registro de efectivo y no pueden modificarse después.
Cash photos cannot be copied or attached to another record.,Las fotos de efectivo no pueden copiarse ni adjuntarse a otro registro.
Cash photos are kept as evidence and cannot be deleted. Add a new photo instead.,Las fotos de efectivo se conservan como evidencia y no pueden borrarse. Añade una foto nueva.
Preparing photo…,Preparando foto…
Transferred,Enviada fuera
Off-site Cash Account,Cuenta de efectivo externa
Transferred To Account,Cuenta de destino del envío
Transfer Journal,Asiento del envío
Transfer journal,Asiento del envío
Transferred By,Enviada por
Transferred On,Enviada el
"Optional. Cash ledger for a separate owner or home safe. Sealed bags can move here whole. Never a bank, drawer or another register's safe. Leave blank to keep whole-bag transfers unavailable.","Opcional. Cuenta de efectivo de una caja fuerte aparte, como la del dueño o la de casa. Las bolsas selladas pueden enviarse aquí completas. Nunca un banco, un cajón ni la caja fuerte de otra caja. Déjala vacía para mantener desactivado el envío de bolsas completas."
Configure an off-site cash account on this safe before transferring whole bags.,Configura una cuenta de efectivo externa en esta caja fuerte antes de enviar bolsas completas.
The off-site cash account must be an active Cash ledger account of this company in its currency.,La cuenta de efectivo externa debe ser una cuenta de efectivo activa (no de grupo) de esta empresa y en su moneda.
"The off-site cash account must differ from this register's drawer, safe, transit, bank and variance accounts.","La cuenta de efectivo externa debe ser distinta de las cuentas de cajón, caja fuerte, tránsito, banco y diferencias de esta caja."
"The off-site cash account already belongs to a register, safe or payment method. Choose a separate cash ledger.","La cuenta de efectivo externa ya pertenece a una caja, caja fuerte o forma de pago. Elige una cuenta de efectivo aparte."
Another safe sends whole bags to one of these accounts. Custody accounts cannot also be an off-site destination.,Otra caja fuerte envía bolsas completas a una de estas cuentas. Las cuentas de custodia no pueden ser también un destino externo.
Whole-bag transfers take the amount and destination from the bag and safe. Remove: {0},El envío de bolsas completas toma el monto y el destino de la bolsa y de la caja fuerte. Quita: {0}
Only a sealed bag that is available or awaiting verification can leave the safe whole.,Sólo una bolsa sellada disponible o pendiente de verificación puede salir completa de la caja fuerte.
The safe ledger holds less than this bag. Count the safe and review the difference before transferring.,El saldo contable de la caja fuerte es menor que esta bolsa. Cuenta la caja fuerte y revisa la diferencia antes de enviarla.
Move whole bag off-site,Enviar bolsa completa fuera
Moved to the off-site safe,Enviada a la caja fuerte externa
The sealed bag left the safe whole for the off-site cash account. This bag is closed evidence.,La bolsa sellada salió completa de la caja fuerte hacia la cuenta de efectivo externa. Esta bolsa es evidencia cerrada.
"Never independently verified. This bag left the safe with only the preparer's count; any recount happens off-site, outside POS.","Nunca verificada de forma independiente. Esta bolsa salió de la caja fuerte sólo con el conteo de quien la preparó; cualquier reconteo se hace fuera, sin POS."
Never independently verified. This bag left the safe with only the preparer's count.,Nunca verificada de forma independiente. Esta bolsa salió de la caja fuerte sólo con el conteo de quien la preparó.
Never independently verified,Nunca verificada de forma independiente
Moved to,Enviada a
Moved by,Enviada por
Moved on,Enviada el
Open the bag record,Abrir el registro de la bolsa
Whole-bag transfer off-site is unavailable,El envío de bolsas completas fuera no está disponible
The off-site cash account for this safe is not ready.,La cuenta de efectivo externa de esta caja fuerte no está lista.
Open this safe's settings,Abrir la configuración de esta caja fuerte
Amount leaving the safe,Monto que sale de la caja fuerte
Destination,Destino
This bag was never independently verified. It leaves with only the count by {0} and stays marked unverified.,Esta bolsa nunca se verificó de forma independiente. Sale sólo con el conteo de {0} y seguirá marcada como no verificada.
the preparer,quien la preparó
"I confirm the whole bag, sealed and unopened, has already physically left for {0}.","Confirmo que la bolsa completa, sellada y sin abrir, ya salió físicamente hacia {0}."
"Search by seal, state, person or destination","Buscar por sello, estado, persona o destino"
"Who moved the bag, from where to where, and how it was confirmed","Quién llevó la bolsa, de dónde a dónde y cómo se confirmó"
Move the whole sealed bag off-site,Enviar fuera la bolsa sellada completa
Record a move that already happened. The amount comes from the bag and the destination from this safe's settings. Nothing is counted or verified.,Registra un envío que ya ocurrió. El monto sale de la bolsa y el destino de la configuración de esta caja fuerte. No se cuenta ni se verifica nada.
Record the off-site transfer,Registrar el envío fuera
Off-site cash account,Cuenta de efectivo externa
Confirm that the whole sealed bag has already physically left before recording the transfer.,Confirma que la bolsa sellada completa ya salió físicamente antes de registrar el envío.
Whole bag moved to {0}.,Bolsa completa enviada a {0}.
The bag stays marked as never independently verified. Print the handover for the off-site safe.,La bolsa sigue marcada como nunca verificada de forma independiente. Imprime la entrega para la caja fuerte externa.
Print the handover for the off-site safe.,Imprime la entrega para la caja fuerte externa.
The transfer details could not be loaded. Nothing was sent. Try again when connected.,No se pudieron cargar los datos del envío. No se envió nada. Inténtalo de nuevo con conexión.
This bag is no longer a sealed bag in the safe. The record was reloaded and nothing was sent.,Esta bolsa ya no está sellada en la caja fuerte. Se recargó el registro y no se envió nada.
Transfer reason,Motivo del envío
Received at the off-site safe,Recibida en la caja fuerte externa
No cash safe is configured for your registers. Ask a manager to configure cash custody.,No hay caja fuerte configurada para tus cajas. Pide a un encargado que configure la custodia de efectivo.
